id,date,store_nbr,family,sales,onpromotion
0,2016-01-01,1,GROCERY I,924.3773663803545,0
1,2016-01-01,2,GROCERY I,1060.0360956645166,0
2,2016-01-01,3,GROCERY I,943.9171849076931,1
3,2016-01-02,1,GROCERY I,910.2272322533828,1
4,2016-01-02,2,GROCERY I,998.6559073996569,0
5,2016-01-02,3,GROCERY I,1170.3518379890263,1
6,2016-01-03,1,GROCERY I,905.2824558048973,1
7,2016-01-03,2,GROCERY I,1037.4007473801637,0
8,2016-01-03,3,GROCERY I,1129.5000627266,0
9,2016-01-04,1,GROCERY I,970.2760241045818,0
10,2016-01-04,2,GROCERY I,985.2110109163791,0
11,2016-01-04,3,GROCERY I,1197.8033070939225,1
12,2016-01-05,1,GROCERY I,865.7337742269515,0
13,2016-01-05,2,GROCERY I,1042.5847348442678,0
14,2016-01-05,3,GROCERY I,1133.018608927679,0
15,2016-01-06,1,GROCERY I,1071.331808069637,1
16,2016-01-06,2,GROCERY I,959.020581674277,0
17,2016-01-06,3,GROCERY I,1149.2783538060396,0
18,2016-01-07,1,GROCERY I,890.88420338761,0
19,2016-01-07,2,GROCERY I,934.0415027447009,0
20,2016-01-07,3,GROCERY I,1159.4603336962755,1
21,2016-01-08,1,GROCERY I,806.304386370997,0
22,2016-01-08,2,GROCERY I,946.7592234169044,1
23,2016-01-08,3,GROCERY I,1109.3348647312582,0
24,2016-01-09,1,GROCERY I,969.7143022358551,0
25,2016-01-09,2,GROCERY I,1054.3130850457517,0
26,2016-01-09,3,GROCERY I,1123.1295518951988,0
27,2016-01-10,1,GROCERY I,783.4275344115467,1
28,2016-01-10,2,GROCERY I,962.3701876565764,0
29,2016-01-10,3,GROCERY I,1077.9886199018654,0
30,2016-01-11,1,GROCERY I,830.7335107445406,0
31,2016-01-11,2,GROCERY I,865.3704182707356,1
32,2016-01-11,3,GROCERY I,1113.0202452084004,0
33,2016-01-12,1,GROCERY I,956.8981263834283,0
34,2016-01-12,2,GROCERY I,972.101994220125,0
35,2016-01-12,3,GROCERY I,1168.6380705005722,0
36,2016-01-13,1,GROCERY I,797.9450941329662,0
37,2016-01-13,2,GROCERY I,926.4438171198711,0
38,2016-01-13,3,GROCERY I,1111.394058885645,0
39,2016-01-14,1,GROCERY I,865.8197882930773,1
40,2016-01-14,2,GROCERY I,1050.047231517387,0
41,2016-01-14,3,GROCERY I,1136.542019004593,0
42,2016-01-15,1,GROCERY I,870.9556922747943,0
43,2016-01-15,2,GROCERY I,904.3328283528768,0
44,2016-01-15,3,GROCERY I,1062.4478127837822,0
45,2016-01-16,1,GROCERY I,938.4597327124727,0
46,2016-01-16,2,GROCERY I,1053.2308087178228,0
47,2016-01-16,3,GROCERY I,1066.1361350364677,0
48,2016-01-17,1,GROCERY I,765.0132452833576,0
49,2016-01-17,2,GROCERY I,894.1840310116478,1
50,2016-01-17,3,GROCERY I,1131.981938137875,0
51,2016-01-18,1,GROCERY I,869.7469956768489,1
52,2016-01-18,2,GROCERY I,971.4988823150859,1
53,2016-01-18,3,GROCERY I,1025.3105855992098,0
54,2016-01-19,1,GROCERY I,823.9982356071534,1
55,2016-01-19,2,GROCERY I,1067.2246509965917,0
56,2016-01-19,3,GROCERY I,1134.7538914836687,0
57,2016-01-20,1,GROCERY I,852.4680035442565,1
58,2016-01-20,2,GROCERY I,1005.7703606171095,1
59,2016-01-20,3,GROCERY I,1118.6140969083763,0
60,2016-01-21,1,GROCERY I,1028.1423113056733,0
61,2016-01-21,2,GROCERY I,918.1202005902508,0
62,2016-01-21,3,GROCERY I,1117.5997347177413,0
63,2016-01-22,1,GROCERY I,966.8088996731663,0
64,2016-01-22,2,GROCERY I,1117.064231297565,0
65,2016-01-22,3,GROCERY I,1048.8198773800202,1
66,2016-01-23,1,GROCERY I,868.8152157475386,0
67,2016-01-23,2,GROCERY I,1050.8120757451522,0
68,2016-01-23,3,GROCERY I,982.3354964397873,0
69,2016-01-24,1,GROCERY I,925.0811077960157,0
70,2016-01-24,2,GROCERY I,1159.7384713353429,0
71,2016-01-24,3,GROCERY I,1133.1527546620798,0
72,2016-01-25,1,GROCERY I,729.4362975414953,0
73,2016-01-25,2,GROCERY I,934.9647123751739,0
74,2016-01-25,3,GROCERY I,1051.0322560752154,0
75,2016-01-26,1,GROCERY I,985.2784184630115,1
76,2016-01-26,2,GROCERY I,987.3092130369049,0
77,2016-01-26,3,GROCERY I,966.0253644236515,0
78,2016-01-27,1,GROCERY I,895.6973959345344,1
79,2016-01-27,2,GROCERY I,1010.4219617178309,0
80,2016-01-27,3,GROCERY I,1060.0563521168679,0
81,2016-01-28,1,GROCERY I,822.7906590214102,0
82,2016-01-28,2,GROCERY I,1170.2775785948131,1
83,2016-01-28,3,GROCERY I,1167.0791362989075,0
84,2016-01-29,1,GROCERY I,974.5258410299396,0
85,2016-01-29,2,GROCERY I,987.4689681873527,0
86,2016-01-29,3,GROCERY I,1047.6169843656487,0
87,2016-01-30,1,GROCERY I,863.6013215727376,0
88,2016-01-30,2,GROCERY I,897.7649940544304,1
89,2016-01-30,3,GROCERY I,1226.3273005128349,1
90,2016-01-31,1,GROCERY I,890.5089339112094,0
91,2016-01-31,2,GROCERY I,1104.480139336546,1
92,2016-01-31,3,GROCERY I,1067.125821533301,0
93,2016-02-01,1,GROCERY I,934.3005150769291,1
94,2016-02-01,2,GROCERY I,1014.6587549777524,1
95,2016-02-01,3,GROCERY I,990.5472640603468,0
96,2016-02-02,1,GROCERY I,1037.8932576626637,0
97,2016-02-02,2,GROCERY I,969.345014309121,0
98,2016-02-02,3,GROCERY I,1011.4363454365209,0
99,2016-02-03,1,GROCERY I,951.4661435751235,1
100,2016-02-03,2,GROCERY I,999.5902506623943,0
101,2016-02-03,3,GROCERY I,1127.0059639039148,0
102,2016-02-04,1,GROCERY I,907.2467925521396,0
103,2016-02-04,2,GROCERY I,835.9862319175181,0
104,2016-02-04,3,GROCERY I,1032.5415783765702,0
105,2016-02-05,1,GROCERY I,829.7478106456999,1
106,2016-02-05,2,GROCERY I,1073.272203388481,1
107,2016-02-05,3,GROCERY I,1102.4505194075534,0
108,2016-02-06,1,GROCERY I,939.081134995941,0
109,2016-02-06,2,GROCERY I,973.7861524510431,0
110,2016-02-06,3,GROCERY I,1143.0492349603142,1
111,2016-02-07,1,GROCERY I,887.6395456600079,1
112,2016-02-07,2,GROCERY I,982.09129464956,0
113,2016-02-07,3,GROCERY I,1114.125868676297,0
114,2016-02-08,1,GROCERY I,907.23918253023,0
115,2016-02-08,2,GROCERY I,1201.3979230027137,0
116,2016-02-08,3,GROCERY I,1031.7405319552945,1
117,2016-02-09,1,GROCERY I,782.9246398530397,1
118,2016-02-09,2,GROCERY I,1025.2484002872272,0
119,2016-02-09,3,GROCERY I,1041.6732929805114,1
120,2016-02-10,1,GROCERY I,728.2168776209076,0
121,2016-02-10,2,GROCERY I,915.0068470512349,1
122,2016-02-10,3,GROCERY I,1276.8833568473738,0
123,2016-02-11,1,GROCERY I,829.8511377465929,0
124,2016-02-11,2,GROCERY I,859.3817286914696,0
125,2016-02-11,3,GROCERY I,1270.3397689622639,0
126,2016-02-12,1,GROCERY I,812.2571537236288,1
127,2016-02-12,2,GROCERY I,1232.4053735392326,0
128,2016-02-12,3,GROCERY I,1070.5400834569575,0
129,2016-02-13,1,GROCERY I,1038.2958115524475,0
130,2016-02-13,2,GROCERY I,980.3777723246312,1
131,2016-02-13,3,GROCERY I,1134.7812859573296,0
132,2016-02-14,1,GROCERY I,889.2941628387167,0
133,2016-02-14,2,GROCERY I,980.9461004820267,0
134,2016-02-14,3,GROCERY I,1118.5735911701004,0
135,2016-02-15,1,GROCERY I,937.7230818036111,0
136,2016-02-15,2,GROCERY I,1012.4343462134773,0
137,2016-02-15,3,GROCERY I,1104.2524278062294,1
138,2016-02-16,1,GROCERY I,842.2753573165722,0
139,2016-02-16,2,GROCERY I,992.2170721269208,0
140,2016-02-16,3,GROCERY I,1225.8683921980194,0
141,2016-02-17,1,GROCERY I,838.9554232244186,0
142,2016-02-17,2,GROCERY I,1020.8926173526526,0
143,2016-02-17,3,GROCERY I,1195.2914362471092,0
144,2016-02-18,1,GROCERY I,938.4114722713289,0
145,2016-02-18,2,GROCERY I,1074.1950785246545,1
146,2016-02-18,3,GROCERY I,1011.1655452468417,1
147,2016-02-19,1,GROCERY I,921.0973763485216,0
148,2016-02-19,2,GROCERY I,976.6263051357156,0
149,2016-02-19,3,GROCERY I,1079.8418097434492,0
150,2016-02-20,1,GROCERY I,1017.7193578394525,0
151,2016-02-20,2,GROCERY I,981.0519788392253,0
152,2016-02-20,3,GROCERY I,1123.679519174968,0
153,2016-02-21,1,GROCERY I,759.4622574017134,0
154,2016-02-21,2,GROCERY I,1138.1880171331347,0
155,2016-02-21,3,GROCERY I,1169.106241095855,0
156,2016-02-22,1,GROCERY I,895.0940523336922,0
157,2016-02-22,2,GROCERY I,973.2435062115298,1
158,2016-02-22,3,GROCERY I,1146.6124193590165,0
159,2016-02-23,1,GROCERY I,994.1929511182154,0
160,2016-02-23,2,GROCERY I,1139.5147620934233,0
161,2016-02-23,3,GROCERY I,1166.2390541437646,0
162,2016-02-24,1,GROCERY I,905.3236652687364,0
163,2016-02-24,2,GROCERY I,1079.1667147675882,0
164,2016-02-24,3,GROCERY I,1162.5880273934129,1
165,2016-02-25,1,GROCERY I,905.6318016983997,0
166,2016-02-25,2,GROCERY I,1060.0695190985007,1
167,2016-02-25,3,GROCERY I,1158.4619752910917,1
168,2016-02-26,1,GROCERY I,894.6437461681439,1
169,2016-02-26,2,GROCERY I,958.537612610698,0
170,2016-02-26,3,GROCERY I,1151.0027048718157,1
171,2016-02-27,1,GROCERY I,818.9026106847681,0
172,2016-02-27,2,GROCERY I,902.6751880495098,0
173,2016-02-27,3,GROCERY I,1124.9607577240995,0
174,2016-02-28,1,GROCERY I,948.7009177779552,0
175,2016-02-28,2,GROCERY I,1024.3493383224209,1
176,2016-02-28,3,GROCERY I,1133.1112228298155,0
177,2016-02-29,1,GROCERY I,734.9409378556206,1
178,2016-02-29,2,GROCERY I,1047.2725058234685,0
179,2016-02-29,3,GROCERY I,1218.0759238442806,0
180,2016-03-01,1,GROCERY I,967.7267188674723,1
181,2016-03-01,2,GROCERY I,1065.101095197297,0
182,2016-03-01,3,GROCERY I,1118.6302416109734,1
183,2016-03-02,1,GROCERY I,921.6274591425381,0
184,2016-03-02,2,GROCERY I,988.1977055807718,0
185,2016-03-02,3,GROCERY I,1130.6715091482797,1
186,2016-03-03,1,GROCERY I,815.3171134417273,0
187,2016-03-03,2,GROCERY I,1118.5164438127179,0
188,2016-03-03,3,GROCERY I,1034.2199986167743,1
189,2016-03-04,1,GROCERY I,967.5508152388256,0
190,2016-03-04,2,GROCERY I,1106.3168472349591,1
191,2016-03-04,3,GROCERY I,1167.345605351205,0
192,2016-03-05,1,GROCERY I,1086.2122480276869,0
193,2016-03-05,2,GROCERY I,839.7182166346789,0
194,2016-03-05,3,GROCERY I,1063.384045523454,0
195,2016-03-06,1,GROCERY I,1004.7640547888421,1
196,2016-03-06,2,GROCERY I,899.8682228715088,0
197,2016-03-06,3,GROCERY I,1036.4690967979661,0
198,2016-03-07,1,GROCERY I,941.9350274250216,1
199,2016-03-07,2,GROCERY I,886.9787292886107,1
200,2016-03-07,3,GROCERY I,1104.3482868312306,0
201,2016-03-08,1,GROCERY I,936.7508617373289,0
202,2016-03-08,2,GROCERY I,1011.0593145646945,0
203,2016-03-08,3,GROCERY I,1118.3369099292054,0
204,2016-03-09,1,GROCERY I,843.6261389704094,0
205,2016-03-09,2,GROCERY I,1015.7420877325566,0
206,2016-03-09,3,GROCERY I,1068.5007062220343,0
207,2016-03-10,1,GROCERY I,878.7328966467696,0
208,2016-03-10,2,GROCERY I,1066.3615233619257,0
209,2016-03-10,3,GROCERY I,996.2822137540192,0
210,2016-03-11,1,GROCERY I,713.3107104121357,0
211,2016-03-11,2,GROCERY I,1059.9547119782192,1
212,2016-03-11,3,GROCERY I,1115.8232065553482,0
213,2016-03-12,1,GROCERY I,1006.2148905814154,0
214,2016-03-12,2,GROCERY I,938.4435866554301,0
215,2016-03-12,3,GROCERY I,1092.15324233039,1
216,2016-03-13,1,GROCERY I,907.3701326747288,1
217,2016-03-13,2,GROCERY I,952.4479718241012,1
218,2016-03-13,3,GROCERY I,1028.9492917013079,0
219,2016-03-14,1,GROCERY I,964.2868015502881,1
220,2016-03-14,2,GROCERY I,889.4254787698368,0
221,2016-03-14,3,GROCERY I,1016.7564848673973,0
222,2016-03-15,1,GROCERY I,889.5130679449819,1
223,2016-03-15,2,GROCERY I,1074.2637593254788,0
224,2016-03-15,3,GROCERY I,1057.2879809301157,1
225,2016-03-16,1,GROCERY I,847.6573378649956,1
226,2016-03-16,2,GROCERY I,984.8604527250876,0
227,2016-03-16,3,GROCERY I,1128.9537483143074,1
228,2016-03-17,1,GROCERY I,872.5771079308497,0
229,2016-03-17,2,GROCERY I,1085.3777933257586,0
230,2016-03-17,3,GROCERY I,1189.1673955661902,0
231,2016-03-18,1,GROCERY I,889.5089975837324,0
232,2016-03-18,2,GROCERY I,1156.0810048101039,0
233,2016-03-18,3,GROCERY I,1105.5504908106223,0
234,2016-03-19,1,GROCERY I,986.0992125973108,0
235,2016-03-19,2,GROCERY I,1026.6456298094604,0
236,2016-03-19,3,GROCERY I,1125.1126569166042,0
237,2016-03-20,1,GROCERY I,772.8346005352824,0
238,2016-03-20,2,GROCERY I,910.6092709608314,0
239,2016-03-20,3,GROCERY I,1076.544673068099,0
240,2016-03-21,1,GROCERY I,988.4794695925839,0
241,2016-03-21,2,GROCERY I,1027.8166761960765,1
242,2016-03-21,3,GROCERY I,1077.2508929567923,0
243,2016-03-22,1,GROCERY I,949.5336893580314,1
244,2016-03-22,2,GROCERY I,1085.1081226187487,0
245,2016-03-22,3,GROCERY I,1100.5071249889816,0
246,2016-03-23,1,GROCERY I,917.846379410022,1
247,2016-03-23,2,GROCERY I,1007.3216142538566,1
248,2016-03-23,3,GROCERY I,1095.4573444485848,0
249,2016-03-24,1,GROCERY I,837.6414082619665,0
250,2016-03-24,2,GROCERY I,931.8770248651385,0
251,2016-03-24,3,GROCERY I,1148.9988728440053,0
252,2016-03-25,1,GROCERY I,986.8229603556728,0
253,2016-03-25,2,GROCERY I,977.1001013155446,0
254,2016-03-25,3,GROCERY I,1075.306155556287,0
255,2016-03-26,1,GROCERY I,753.4875132627901,0
256,2016-03-26,2,GROCERY I,840.7350403900801,1
257,2016-03-26,3,GROCERY I,1209.1089783851128,0
258,2016-03-27,1,GROCERY I,842.4415813372168,0
259,2016-03-27,2,GROCERY I,762.8376929726679,1
260,2016-03-27,3,GROCERY I,1293.6332009797923,1
261,2016-03-28,1,GROCERY I,855.2342171160408,0
262,2016-03-28,2,GROCERY I,875.1233317604446,0
263,2016-03-28,3,GROCERY I,1107.958197841259,0
264,2016-03-29,1,GROCERY I,963.2644897352064,0
265,2016-03-29,2,GROCERY I,1053.4660814486397,0
266,2016-03-29,3,GROCERY I,1171.8252326728439,1
267,2016-03-30,1,GROCERY I,822.388038427887,1
268,2016-03-30,2,GROCERY I,1106.8627469056187,0
269,2016-03-30,3,GROCERY I,1212.3057113653244,0
270,2016-03-31,1,GROCERY I,1016.4036461016569,1
271,2016-03-31,2,GROCERY I,1020.6583058658156,0
272,2016-03-31,3,GROCERY I,1071.0583618044664,0
273,2016-04-01,1,GROCERY I,864.1148633577317,0
274,2016-04-01,2,GROCERY I,874.7392742255588,0
275,2016-04-01,3,GROCERY I,1056.8982945905805,0
276,2016-04-02,1,GROCERY I,708.4591756079623,0
277,2016-04-02,2,GROCERY I,865.0825479012718,1
278,2016-04-02,3,GROCERY I,1119.8132720887154,0
279,2016-04-03,1,GROCERY I,879.7297944841588,1
280,2016-04-03,2,GROCERY I,1016.2710592495955,0
281,2016-04-03,3,GROCERY I,1156.547971271924,0
282,2016-04-04,1,GROCERY I,930.8030350124881,0
283,2016-04-04,2,GROCERY I,1023.7134400646928,1
284,2016-04-04,3,GROCERY I,1093.0324663157992,1
285,2016-04-05,1,GROCERY I,839.7177935714097,1
286,2016-04-05,2,GROCERY I,900.442256991914,0
287,2016-04-05,3,GROCERY I,1058.8983168183847,0
288,2016-04-06,1,GROCERY I,894.3455694678343,1
289,2016-04-06,2,GROCERY I,1004.091364684173,0
290,2016-04-06,3,GROCERY I,1172.014765121597,0
291,2016-04-07,1,GROCERY I,887.2281354062386,1
292,2016-04-07,2,GROCERY I,1043.874233666384,0
293,2016-04-07,3,GROCERY I,984.1498192467961,0
294,2016-04-08,1,GROCERY I,920.9628649659505,1
295,2016-04-08,2,GROCERY I,1015.1874714269954,1
296,2016-04-08,3,GROCERY I,1206.8948880009737,0
297,2016-04-09,1,GROCERY I,879.7986132557628,1
298,2016-04-09,2,GROCERY I,807.20624273601,1
299,2016-04-09,3,GROCERY I,1076.4976863878296,1
300,2016-04-10,1,GROCERY I,957.1517186104527,1
301,2016-04-10,2,GROCERY I,905.8708224456559,0
302,2016-04-10,3,GROCERY I,1118.8358694647945,1
303,2016-04-11,1,GROCERY I,802.2100549968077,0
304,2016-04-11,2,GROCERY I,1145.7039080650486,1
305,2016-04-11,3,GROCERY I,1066.086899806413,0
306,2016-04-12,1,GROCERY I,797.5144634523334,1
307,2016-04-12,2,GROCERY I,958.3529269715671,1
308,2016-04-12,3,GROCERY I,1119.3327775856671,1
309,2016-04-13,1,GROCERY I,941.2328322320649,1
310,2016-04-13,2,GROCERY I,1101.9557773552992,0
311,2016-04-13,3,GROCERY I,1049.070777351821,1
312,2016-04-14,1,GROCERY I,961.034118586955,0
313,2016-04-14,2,GROCERY I,865.1522146092153,0
314,2016-04-14,3,GROCERY I,1017.255355866048,0
315,2016-04-15,1,GROCERY I,786.1012451680751,1
316,2016-04-15,2,GROCERY I,935.4720876554102,1
317,2016-04-15,3,GROCERY I,1157.105610918592,0
318,2016-04-16,1,GROCERY I,850.8818558885682,0
319,2016-04-16,2,GROCERY I,964.7478062744206,0
320,2016-04-16,3,GROCERY I,1121.5130758142882,0
321,2016-04-17,1,GROCERY I,937.6909034719944,0
322,2016-04-17,2,GROCERY I,967.0689342227033,0
323,2016-04-17,3,GROCERY I,1016.7531157990054,1
324,2016-04-18,1,GROCERY I,1028.8749596009516,1
325,2016-04-18,2,GROCERY I,967.5784587640535,0
326,2016-04-18,3,GROCERY I,1075.1612819043246,0
327,2016-04-19,1,GROCERY I,884.8060927182195,0
328,2016-04-19,2,GROCERY I,1046.3648913981183,0
329,2016-04-19,3,GROCERY I,980.4475504144555,1
330,2016-04-20,1,GROCERY I,1064.2147985556712,0
331,2016-04-20,2,GROCERY I,973.0139870345195,0
332,2016-04-20,3,GROCERY I,1149.220541357485,1
333,2016-04-21,1,GROCERY I,798.3374329748332,0
334,2016-04-21,2,GROCERY I,1013.1512562381841,1
335,2016-04-21,3,GROCERY I,1247.8260010364836,0
336,2016-04-22,1,GROCERY I,1033.4310088895616,0
337,2016-04-22,2,GROCERY I,1046.9807333442234,0
338,2016-04-22,3,GROCERY I,1030.4762201708174,0
339,2016-04-23,1,GROCERY I,997.001506946528,0
340,2016-04-23,2,GROCERY I,864.642988066419,1
341,2016-04-23,3,GROCERY I,1027.806152416599,0
342,2016-04-24,1,GROCERY I,893.4729784251904,0
343,2016-04-24,2,GROCERY I,870.7473328543458,1
344,2016-04-24,3,GROCERY I,1058.1825043064255,1
345,2016-04-25,1,GROCERY I,962.7875229286508,0
346,2016-04-25,2,GROCERY I,942.8900140770813,0
347,2016-04-25,3,GROCERY I,1166.864631705147,0
348,2016-04-26,1,GROCERY I,1090.6081826147258,0
349,2016-04-26,2,GROCERY I,1031.0162513009611,1
350,2016-04-26,3,GROCERY I,1165.3420693760634,0
351,2016-04-27,1,GROCERY I,1000.1380006852156,0
352,2016-04-27,2,GROCERY I,965.1674021644831,0
353,2016-04-27,3,GROCERY I,1163.264137694319,0
354,2016-04-28,1,GROCERY I,863.292760548056,1
355,2016-04-28,2,GROCERY I,1025.126177909584,0
356,2016-04-28,3,GROCERY I,1176.1642922511912,1
357,2016-04-29,1,GROCERY I,833.8635962466484,0
358,2016-04-29,2,GROCERY I,814.3715190091084,0
359,2016-04-29,3,GROCERY I,1026.787510732326,0
360,2016-04-30,1,GROCERY I,989.0372713328211,0
361,2016-04-30,2,GROCERY I,917.5349023783077,0
362,2016-04-30,3,GROCERY I,1183.933889715308,0
363,2016-05-01,1,GROCERY I,827.1540092862841,0
364,2016-05-01,2,GROCERY I,982.2771107415359,0
365,2016-05-01,3,GROCERY I,1098.9082566563764,0
366,2016-05-02,1,GROCERY I,817.1937508767487,0
367,2016-05-02,2,GROCERY I,983.1447988509475,0
368,2016-05-02,3,GROCERY I,974.921764170505,0
369,2016-05-03,1,GROCERY I,871.9238094225617,1
370,2016-05-03,2,GROCERY I,992.3056850461335,0
371,2016-05-03,3,GROCERY I,917.5409723702462,0
372,2016-05-04,1,GROCERY I,826.1690846483787,0
373,2016-05-04,2,GROCERY I,1022.6069586335437,1
374,2016-05-04,3,GROCERY I,1008.7871264699015,0
375,2016-05-05,1,GROCERY I,935.8250973378168,0
376,2016-05-05,2,GROCERY I,1043.89910550913,0
377,2016-05-05,3,GROCERY I,1122.2514981163702,0
378,2016-05-06,1,GROCERY I,962.2213911267941,0
379,2016-05-06,2,GROCERY I,870.4102404486584,0
380,2016-05-06,3,GROCERY I,1180.1396318121206,0
381,2016-05-07,1,GROCERY I,818.350158438933,1
382,2016-05-07,2,GROCERY I,1007.9227856805761,1
383,2016-05-07,3,GROCERY I,1243.8075617947452,0
384,2016-05-08,1,GROCERY I,870.2626642731444,1
385,2016-05-08,2,GROCERY I,1000.9161033336524,1
386,2016-05-08,3,GROCERY I,1018.7945675416947,0
387,2016-05-09,1,GROCERY I,1042.8134721657705,0
388,2016-05-09,2,GROCERY I,926.3319681752698,0
389,2016-05-09,3,GROCERY I,1151.1701127598321,0
390,2016-05-10,1,GROCERY I,999.9732213635021,0
391,2016-05-10,2,GROCERY I,1059.2011389043469,0
392,2016-05-10,3,GROCERY I,1127.2633126401686,0
393,2016-05-11,1,GROCERY I,906.6896861928445,0
394,2016-05-11,2,GROCERY I,897.6127233887984,1
395,2016-05-11,3,GROCERY I,1238.3196272708562,0
396,2016-05-12,1,GROCERY I,920.41707334847,0
397,2016-05-12,2,GROCERY I,1000.964254448146,0
398,2016-05-12,3,GROCERY I,1012.5222903630414,0
399,2016-05-13,1,GROCERY I,904.8308742739533,1
400,2016-05-13,2,GROCERY I,995.9042310546722,0
401,2016-05-13,3,GROCERY I,1243.8048933315713,0
402,2016-05-14,1,GROCERY I,900.9156351273173,1
403,2016-05-14,2,GROCERY I,1003.5369902483359,0
404,2016-05-14,3,GROCERY I,1013.405824208937,0
405,2016-05-15,1,GROCERY I,840.3121394677989,0
406,2016-05-15,2,GROCERY I,1040.8977451638027,0
407,2016-05-15,3,GROCERY I,957.0633990905537,0
408,2016-05-16,1,GROCERY I,979.6561108719939,0
409,2016-05-16,2,GROCERY I,1082.066947430819,0
410,2016-05-16,3,GROCERY I,1032.3963737624679,0
411,2016-05-17,1,GROCERY I,927.5683923800286,0
412,2016-05-17,2,GROCERY I,1102.9864889284052,0
413,2016-05-17,3,GROCERY I,1089.4217074775063,1
414,2016-05-18,1,GROCERY I,874.4714722391282,0
415,2016-05-18,2,GROCERY I,983.8333403688476,1
416,2016-05-18,3,GROCERY I,1120.230785197592,0
417,2016-05-19,1,GROCERY I,849.7547133019701,1
418,2016-05-19,2,GROCERY I,967.8405935896636,0
419,2016-05-19,3,GROCERY I,1121.8563218281697,1
420,2016-05-20,1,GROCERY I,861.500710090767,0
421,2016-05-20,2,GROCERY I,907.033638981257,0
422,2016-05-20,3,GROCERY I,951.0523877405991,1
423,2016-05-21,1,GROCERY I,902.4733822426159,0
424,2016-05-21,2,GROCERY I,1097.1351863142802,1
425,2016-05-21,3,GROCERY I,1131.674709954466,0
426,2016-05-22,1,GROCERY I,809.7775388086629,1
427,2016-05-22,2,GROCERY I,939.7686466217103,1
428,2016-05-22,3,GROCERY I,1073.8990395981568,0
429,2016-05-23,1,GROCERY I,1046.9909340390016,0
430,2016-05-23,2,GROCERY I,1152.4048171251577,0
431,2016-05-23,3,GROCERY I,1240.2952821360864,1
432,2016-05-24,1,GROCERY I,910.4846260836915,0
433,2016-05-24,2,GROCERY I,1254.3082943494028,0
434,2016-05-24,3,GROCERY I,1043.4188376038828,0
435,2016-05-25,1,GROCERY I,871.0533970332526,0
436,2016-05-25,2,GROCERY I,1072.688108791369,0
437,2016-05-25,3,GROCERY I,1122.2860731609444,0
438,2016-05-26,1,GROCERY I,926.9266501284347,0
439,2016-05-26,2,GROCERY I,845.0426453835668,1
440,2016-05-26,3,GROCERY I,1021.438446413576,0
441,2016-05-27,1,GROCERY I,895.3271004913054,1
442,2016-05-27,2,GROCERY I,944.5195068342175,0
443,2016-05-27,3,GROCERY I,992.6259866903274,0
444,2016-05-28,1,GROCERY I,853.2100692053599,0
445,2016-05-28,2,GROCERY I,1022.3091427717791,0
446,2016-05-28,3,GROCERY I,1157.9426141964982,0
447,2016-05-29,1,GROCERY I,748.6442997350472,0
448,2016-05-29,2,GROCERY I,999.0144565656551,0
449,2016-05-29,3,GROCERY I,1091.7263909140293,1
450,2016-05-30,1,GROCERY I,918.0447871608145,1
451,2016-05-30,2,GROCERY I,911.1116079265953,1
452,2016-05-30,3,GROCERY I,1012.5340913690094,0
453,2016-05-31,1,GROCERY I,999.5957902917156,0
454,2016-05-31,2,GROCERY I,799.8640124672277,1
455,2016-05-31,3,GROCERY I,1033.357062176319,0
456,2016-06-01,1,GROCERY I,867.3289098196219,0
457,2016-06-01,2,GROCERY I,975.0602935342042,1
458,2016-06-01,3,GROCERY I,1045.9186155454904,1
459,2016-06-02,1,GROCERY I,938.3100430816369,0
460,2016-06-02,2,GROCERY I,1031.1753364256,1
461,2016-06-02,3,GROCERY I,1088.2046008065465,0
462,2016-06-03,1,GROCERY I,850.2234043764225,0
463,2016-06-03,2,GROCERY I,981.965484061752,0
464,2016-06-03,3,GROCERY I,1105.5935664795861,1
465,2016-06-04,1,GROCERY I,839.85953217492,0
466,2016-06-04,2,GROCERY I,1044.44656709201,0
467,2016-06-04,3,GROCERY I,1178.992411603712,1
468,2016-06-05,1,GROCERY I,1014.9041405250632,0
469,2016-06-05,2,GROCERY I,1109.0742969668559,0
470,2016-06-05,3,GROCERY I,1074.567476109723,1
471,2016-06-06,1,GROCERY I,909.5380688901913,1
472,2016-06-06,2,GROCERY I,986.7073726440215,0
473,2016-06-06,3,GROCERY I,1086.4224162863698,0
474,2016-06-07,1,GROCERY I,881.4184536060612,0
475,2016-06-07,2,GROCERY I,1000.4813344348858,1
476,2016-06-07,3,GROCERY I,1193.2246028437742,1
477,2016-06-08,1,GROCERY I,924.7696065527333,0
478,2016-06-08,2,GROCERY I,907.9308392651546,0
479,2016-06-08,3,GROCERY I,1175.223157190687,0
480,2016-06-09,1,GROCERY I,916.928778623604,0
481,2016-06-09,2,GROCERY I,1039.2613367195056,0
482,2016-06-09,3,GROCERY I,1123.1487325565688,0
483,2016-06-10,1,GROCERY I,926.8673005546419,1
484,2016-06-10,2,GROCERY I,1030.630858910804,1
485,2016-06-10,3,GROCERY I,962.1229274075665,0
486,2016-06-11,1,GROCERY I,938.2023469813437,0
487,2016-06-11,2,GROCERY I,943.0318366496849,0
488,2016-06-11,3,GROCERY I,1061.277589474186,0
489,2016-06-12,1,GROCERY I,899.8464117458923,1
490,2016-06-12,2,GROCERY I,1129.3499518798885,1
491,2016-06-12,3,GROCERY I,1019.8124815447359,0
492,2016-06-13,1,GROCERY I,897.1511411047927,1
493,2016-06-13,2,GROCERY I,979.5334342927341,0
494,2016-06-13,3,GROCERY I,1173.9486205749947,0
495,2016-06-14,1,GROCERY I,877.3763400681944,0
496,2016-06-14,2,GROCERY I,1017.8497614724932,1
497,2016-06-14,3,GROCERY I,1020.0230217064495,1
498,2016-06-15,1,GROCERY I,988.3743372322024,0
499,2016-06-15,2,GROCERY I,886.65263259225,0
500,2016-06-15,3,GROCERY I,1137.069584482615,0
501,2016-06-16,1,GROCERY I,918.3585372370885,0
502,2016-06-16,2,GROCERY I,1029.950916136501,0
503,2016-06-16,3,GROCERY I,987.65847215274,1
504,2016-06-17,1,GROCERY I,875.7904192423642,0
505,2016-06-17,2,GROCERY I,1069.6444487535782,1
506,2016-06-17,3,GROCERY I,1243.5496043680287,1
507,2016-06-18,1,GROCERY I,891.2212654695853,0
508,2016-06-18,2,GROCERY I,1061.3458297427394,0
509,2016-06-18,3,GROCERY I,1110.4611350329235,0
510,2016-06-19,1,GROCERY I,895.2573883179255,0
511,2016-06-19,2,GROCERY I,966.8421547331313,0
512,2016-06-19,3,GROCERY I,1100.2394632959965,0
513,2016-06-20,1,GROCERY I,953.6063393761751,0
514,2016-06-20,2,GROCERY I,1060.4998530903845,0
515,2016-06-20,3,GROCERY I,1001.2149530470817,0
516,2016-06-21,1,GROCERY I,859.9404204994468,1
517,2016-06-21,2,GROCERY I,916.3965032330958,0
518,2016-06-21,3,GROCERY I,1104.1738654926028,0
519,2016-06-22,1,GROCERY I,873.0534425887525,0
520,2016-06-22,2,GROCERY I,1027.1900288954164,1
521,2016-06-22,3,GROCERY I,1132.7862765862953,0
522,2016-06-23,1,GROCERY I,731.3637326578046,1
523,2016-06-23,2,GROCERY I,825.5831948408421,0
524,2016-06-23,3,GROCERY I,1099.6293622220524,0
525,2016-06-24,1,GROCERY I,995.0107514176897,0
526,2016-06-24,2,GROCERY I,959.971113808248,0
527,2016-06-24,3,GROCERY I,1057.766589014055,1
528,2016-06-25,1,GROCERY I,978.8909053568614,0
529,2016-06-25,2,GROCERY I,1064.4542911394,1
530,2016-06-25,3,GROCERY I,1023.6166546295343,0
531,2016-06-26,1,GROCERY I,955.8853076297204,0
532,2016-06-26,2,GROCERY I,939.0141233577879,0
533,2016-06-26,3,GROCERY I,1056.9869938477582,1
534,2016-06-27,1,GROCERY I,823.5499866078882,1
535,2016-06-27,2,GROCERY I,900.6595576897286,1
536,2016-06-27,3,GROCERY I,1108.7718203659208,0
537,2016-06-28,1,GROCERY I,789.8147475583706,0
538,2016-06-28,2,GROCERY I,1011.9873931189824,0
539,2016-06-28,3,GROCERY I,1109.4678330710562,0
540,2016-06-29,1,GROCERY I,887.7051916510386,0
541,2016-06-29,2,GROCERY I,963.4823084620222,1
542,2016-06-29,3,GROCERY I,1048.4506303829583,0
543,2016-06-30,1,GROCERY I,814.2429958167825,1
544,2016-06-30,2,GROCERY I,1115.6100765541228,0
545,2016-06-30,3,GROCERY I,1084.2491441036873,0
546,2016-07-01,1,GROCERY I,881.6565877158154,1
547,2016-07-01,2,GROCERY I,926.9697610624938,0
548,2016-07-01,3,GROCERY I,1205.5210558193116,0
549,2016-07-02,1,GROCERY I,853.0731931943279,1
550,2016-07-02,2,GROCERY I,1019.5001984321318,0
551,2016-07-02,3,GROCERY I,1134.6075561380921,0
552,2016-07-03,1,GROCERY I,908.8316580489775,0
553,2016-07-03,2,GROCERY I,888.1512272160919,1
554,2016-07-03,3,GROCERY I,1152.259590662498,0
555,2016-07-04,1,GROCERY I,852.3128880275067,0
556,2016-07-04,2,GROCERY I,1063.59458023325,0
557,2016-07-04,3,GROCERY I,1047.5156050687226,1
558,2016-07-05,1,GROCERY I,894.6337256358978,0
559,2016-07-05,2,GROCERY I,1039.5645324258282,1
560,2016-07-05,3,GROCERY I,1199.3567997451048,0
561,2016-07-06,1,GROCERY I,949.1279341690099,0
562,2016-07-06,2,GROCERY I,1041.5728458677202,0
563,2016-07-06,3,GROCERY I,1156.057852548767,1
564,2016-07-07,1,GROCERY I,836.4320435899956,0
565,2016-07-07,2,GROCERY I,1067.2176130155358,1
566,2016-07-07,3,GROCERY I,1078.2660493050166,0
567,2016-07-08,1,GROCERY I,880.7650242343726,0
568,2016-07-08,2,GROCERY I,1006.3190973072008,0
569,2016-07-08,3,GROCERY I,1071.0983659997244,0
570,2016-07-09,1,GROCERY I,820.9098280452315,0
571,2016-07-09,2,GROCERY I,1000.2486840148509,0
572,2016-07-09,3,GROCERY I,1081.1336510260119,0
573,2016-07-10,1,GROCERY I,878.3875896530324,1
574,2016-07-10,2,GROCERY I,992.1243198153696,0
575,2016-07-10,3,GROCERY I,932.2039233911887,1
576,2016-07-11,1,GROCERY I,878.9541260434918,1
577,2016-07-11,2,GROCERY I,1110.5366074702238,0
578,2016-07-11,3,GROCERY I,1203.0755399454602,0
579,2016-07-12,1,GROCERY I,902.9782269137261,0
580,2016-07-12,2,GROCERY I,1000.3037001297167,0
581,2016-07-12,3,GROCERY I,914.4311418599025,0
582,2016-07-13,1,GROCERY I,856.5463335155109,1
583,2016-07-13,2,GROCERY I,1055.208353981121,0
584,2016-07-13,3,GROCERY I,1069.2603269695544,0
585,2016-07-14,1,GROCERY I,982.4156322522185,0
586,2016-07-14,2,GROCERY I,1077.0126057989473,0
587,2016-07-14,3,GROCERY I,1055.0813578573693,0
588,2016-07-15,1,GROCERY I,908.8490498062943,1
589,2016-07-15,2,GROCERY I,1117.8362857751658,1
590,2016-07-15,3,GROCERY I,986.5852663872345,0
591,2016-07-16,1,GROCERY I,870.9391481944956,0
592,2016-07-16,2,GROCERY I,879.4139481781563,0
593,2016-07-16,3,GROCERY I,1031.1326657181144,1
594,2016-07-17,1,GROCERY I,1044.1393558197717,0
595,2016-07-17,2,GROCERY I,970.9133367754561,0
596,2016-07-17,3,GROCERY I,947.3495669419787,0
597,2016-07-18,1,GROCERY I,820.171841340478,1
598,2016-07-18,2,GROCERY I,871.9835320765218,0
599,2016-07-18,3,GROCERY I,1111.8901676242265,0
600,2016-07-19,1,GROCERY I,933.3977566993611,0
601,2016-07-19,2,GROCERY I,1068.374858410845,0
602,2016-07-19,3,GROCERY I,1150.6286331685844,0
603,2016-07-20,1,GROCERY I,789.8890000737641,1
604,2016-07-20,2,GROCERY I,1029.2290993651013,0
605,2016-07-20,3,GROCERY I,1088.7209682044465,0
606,2016-07-21,1,GROCERY I,980.6008616789247,1
607,2016-07-21,2,GROCERY I,1060.0097449709556,0
608,2016-07-21,3,GROCERY I,1256.8387680626422,0
609,2016-07-22,1,GROCERY I,825.877351107428,0
610,2016-07-22,2,GROCERY I,915.337515932989,0
611,2016-07-22,3,GROCERY I,1061.1044695440762,0
612,2016-07-23,1,GROCERY I,891.8082634711122,1
613,2016-07-23,2,GROCERY I,946.0630030620392,0
614,2016-07-23,3,GROCERY I,1029.6392297072846,0
615,2016-07-24,1,GROCERY I,923.8008856948444,0
616,2016-07-24,2,GROCERY I,960.8738025504861,1
617,2016-07-24,3,GROCERY I,1042.9156814903715,0
618,2016-07-25,1,GROCERY I,789.7592578521707,0
619,2016-07-25,2,GROCERY I,820.0172977638714,0
620,2016-07-25,3,GROCERY I,1205.9964543505305,1
621,2016-07-26,1,GROCERY I,1003.245100985694,0
622,2016-07-26,2,GROCERY I,1062.6047060572128,0
623,2016-07-26,3,GROCERY I,1141.9160763354137,0
624,2016-07-27,1,GROCERY I,853.8682166213046,0
625,2016-07-27,2,GROCERY I,1045.2950206859866,0
626,2016-07-27,3,GROCERY I,1010.1785254183204,0
627,2016-07-28,1,GROCERY I,906.9204433537169,0
628,2016-07-28,2,GROCERY I,936.5979335633668,0
629,2016-07-28,3,GROCERY I,1145.642962891079,0
630,2016-07-29,1,GROCERY I,1024.150409609799,1
631,2016-07-29,2,GROCERY I,919.8966853794765,0
632,2016-07-29,3,GROCERY I,1057.5218796355427,0
633,2016-07-30,1,GROCERY I,905.4389300840871,1
634,2016-07-30,2,GROCERY I,855.3842512180054,0
635,2016-07-30,3,GROCERY I,975.2493411755513,0
636,2016-07-31,1,GROCERY I,1021.3434125711399,0
637,2016-07-31,2,GROCERY I,1024.1576594015417,0
638,2016-07-31,3,GROCERY I,1049.7212215890568,0
639,2016-08-01,1,GROCERY I,896.916939052527,0
640,2016-08-01,2,GROCERY I,961.4214017037664,1
641,2016-08-01,3,GROCERY I,1107.7930730366224,0
642,2016-08-02,1,GROCERY I,864.2273874136042,1
643,2016-08-02,2,GROCERY I,990.7600896560853,1
644,2016-08-02,3,GROCERY I,1152.9665227665403,0
645,2016-08-03,1,GROCERY I,947.4843755924453,0
646,2016-08-03,2,GROCERY I,1115.9475840989044,0
647,2016-08-03,3,GROCERY I,1129.8441854747343,0
648,2016-08-04,1,GROCERY I,901.8684252891644,0
649,2016-08-04,2,GROCERY I,1129.605624730884,0
650,2016-08-04,3,GROCERY I,1082.5576697516462,1
651,2016-08-05,1,GROCERY I,726.3507672163671,0
652,2016-08-05,2,GROCERY I,1063.667092417582,0
653,2016-08-05,3,GROCERY I,1120.0357040208607,0
654,2016-08-06,1,GROCERY I,898.1413031319707,0
655,2016-08-06,2,GROCERY I,1065.935969583669,0
656,2016-08-06,3,GROCERY I,1064.875687191605,1
657,2016-08-07,1,GROCERY I,729.6641688639986,0
658,2016-08-07,2,GROCERY I,1067.6386486785484,1
659,2016-08-07,3,GROCERY I,1047.0866486154548,0
660,2016-08-08,1,GROCERY I,822.7719044152989,1
661,2016-08-08,2,GROCERY I,833.247827600922,1
662,2016-08-08,3,GROCERY I,1160.3084055946945,0
663,2016-08-09,1,GROCERY I,701.5433192012367,0
664,2016-08-09,2,GROCERY I,1098.6321547282157,0
665,2016-08-09,3,GROCERY I,1072.1981270245185,0
666,2016-08-10,1,GROCERY I,964.3656241267869,1
667,2016-08-10,2,GROCERY I,1032.316321658849,0
668,2016-08-10,3,GROCERY I,1246.8980671784016,0
669,2016-08-11,1,GROCERY I,930.083549569809,0
670,2016-08-11,2,GROCERY I,1095.2330850634994,0
671,2016-08-11,3,GROCERY I,1055.1396668729803,0
672,2016-08-12,1,GROCERY I,774.969252372812,0
673,2016-08-12,2,GROCERY I,1077.397301834001,0
674,2016-08-12,3,GROCERY I,972.888194865702,0
675,2016-08-13,1,GROCERY I,959.3623122383592,0
676,2016-08-13,2,GROCERY I,914.0187188945829,1
677,2016-08-13,3,GROCERY I,1121.607634735783,1
678,2016-08-14,1,GROCERY I,1048.759584609865,0
679,2016-08-14,2,GROCERY I,1052.6310408346544,1
680,2016-08-14,3,GROCERY I,1082.8956353527608,0
681,2016-08-15,1,GROCERY I,934.2237118597707,0
682,2016-08-15,2,GROCERY I,957.8627686443033,1
683,2016-08-15,3,GROCERY I,1284.7875537672062,0
684,2016-08-16,1,GROCERY I,841.4171694878339,0
685,2016-08-16,2,GROCERY I,991.2683878750933,0
686,2016-08-16,3,GROCERY I,1144.9818297531594,1
687,2016-08-17,1,GROCERY I,928.2101763133738,1
688,2016-08-17,2,GROCERY I,1037.2942129757848,0
689,2016-08-17,3,GROCERY I,1059.4315775657406,0
690,2016-08-18,1,GROCERY I,879.6829857561775,0
691,2016-08-18,2,GROCERY I,1073.3049152859653,1
692,2016-08-18,3,GROCERY I,1168.9600040329708,0
693,2016-08-19,1,GROCERY I,930.1558228556298,1
694,2016-08-19,2,GROCERY I,1106.290485347955,1
695,2016-08-19,3,GROCERY I,1176.7672420600059,1
696,2016-08-20,1,GROCERY I,966.3296856852842,1
697,2016-08-20,2,GROCERY I,871.5783002293946,0
698,2016-08-20,3,GROCERY I,1129.162759122661,0
699,2016-08-21,1,GROCERY I,914.1809093559085,1
700,2016-08-21,2,GROCERY I,1117.8889113802477,1
701,2016-08-21,3,GROCERY I,870.6356036973805,0
702,2016-08-22,1,GROCERY I,886.8279177964839,0
703,2016-08-22,2,GROCERY I,1007.534644658585,0
704,2016-08-22,3,GROCERY I,1013.0745712327528,1
705,2016-08-23,1,GROCERY I,826.734121816285,1
706,2016-08-23,2,GROCERY I,1118.191490733603,0
707,2016-08-23,3,GROCERY I,1136.97699912085,0
708,2016-08-24,1,GROCERY I,1048.9854049115904,0
709,2016-08-24,2,GROCERY I,985.4000125879791,1
710,2016-08-24,3,GROCERY I,987.2144456841752,0
711,2016-08-25,1,GROCERY I,874.0812179602856,0
712,2016-08-25,2,GROCERY I,960.6675508027613,0
713,2016-08-25,3,GROCERY I,1155.5736489302726,1
714,2016-08-26,1,GROCERY I,952.1398513122432,0
715,2016-08-26,2,GROCERY I,1041.0559848861744,1
716,2016-08-26,3,GROCERY I,1278.3785473127639,1
717,2016-08-27,1,GROCERY I,1000.8749858850388,0
718,2016-08-27,2,GROCERY I,931.8272955227525,0
719,2016-08-27,3,GROCERY I,1179.6392226356254,1
720,2016-08-28,1,GROCERY I,902.2417749620702,1
721,2016-08-28,2,GROCERY I,983.2472938368313,0
722,2016-08-28,3,GROCERY I,1212.0949020027117,0
723,2016-08-29,1,GROCERY I,827.0845101490168,0
724,2016-08-29,2,GROCERY I,1073.6920597115834,1
725,2016-08-29,3,GROCERY I,1159.6399125219987,1
726,2016-08-30,1,GROCERY I,825.6808666295536,0
727,2016-08-30,2,GROCERY I,869.1629401233713,0
728,2016-08-30,3,GROCERY I,1093.3240973418724,0
729,2016-08-31,1,GROCERY I,663.5504940523945,0
730,2016-08-31,2,GROCERY I,1089.6672521122534,0
731,2016-08-31,3,GROCERY I,1128.8473342125474,0
732,2016-09-01,1,GROCERY I,1015.0964385887385,0
733,2016-09-01,2,GROCERY I,1023.2032317186828,1
734,2016-09-01,3,GROCERY I,1221.3152080471523,1
735,2016-09-02,1,GROCERY I,852.5423852103713,0
736,2016-09-02,2,GROCERY I,1040.7918598781228,0
737,2016-09-02,3,GROCERY I,1068.3804683997223,0
738,2016-09-03,1,GROCERY I,890.863208657773,1
739,2016-09-03,2,GROCERY I,1007.2594051001738,0
740,2016-09-03,3,GROCERY I,1128.58555381685,0
741,2016-09-04,1,GROCERY I,842.031115878582,0
742,2016-09-04,2,GROCERY I,1036.776476401199,1
743,2016-09-04,3,GROCERY I,1103.220520160037,1
744,2016-09-05,1,GROCERY I,791.1793306968539,0
745,2016-09-05,2,GROCERY I,858.5902309648495,0
746,2016-09-05,3,GROCERY I,1190.003513736642,0
747,2016-09-06,1,GROCERY I,719.1668194129718,1
748,2016-09-06,2,GROCERY I,986.9760802693914,0
749,2016-09-06,3,GROCERY I,983.4289669664355,0
750,2016-09-07,1,GROCERY I,1036.468214443565,0
751,2016-09-07,2,GROCERY I,1045.065045881314,1
752,2016-09-07,3,GROCERY I,1126.3954830925811,1
753,2016-09-08,1,GROCERY I,835.2410944885787,0
754,2016-09-08,2,GROCERY I,890.1597586491569,0
755,2016-09-08,3,GROCERY I,1114.2992770629062,0
756,2016-09-09,1,GROCERY I,898.1851779739483,0
757,2016-09-09,2,GROCERY I,914.2638938510604,0
758,2016-09-09,3,GROCERY I,1011.6809091702671,1
759,2016-09-10,1,GROCERY I,807.9931604678109,1
760,2016-09-10,2,GROCERY I,905.4816745656944,1
761,2016-09-10,3,GROCERY I,1050.0317273427856,0
762,2016-09-11,1,GROCERY I,926.4231956493273,0
763,2016-09-11,2,GROCERY I,1039.897555285578,0
764,2016-09-11,3,GROCERY I,1096.5493128287274,0
765,2016-09-12,1,GROCERY I,910.5877205122138,0
766,2016-09-12,2,GROCERY I,1043.8502703713757,0
767,2016-09-12,3,GROCERY I,940.2026645688112,0
768,2016-09-13,1,GROCERY I,916.8233032868917,1
769,2016-09-13,2,GROCERY I,1104.962020977593,0
770,2016-09-13,3,GROCERY I,945.2375411429506,1
771,2016-09-14,1,GROCERY I,680.0259184295539,1
772,2016-09-14,2,GROCERY I,984.9292698188493,1
773,2016-09-14,3,GROCERY I,1186.310323122379,0
774,2016-09-15,1,GROCERY I,886.3689261315111,0
775,2016-09-15,2,GROCERY I,1049.3825264393806,0
776,2016-09-15,3,GROCERY I,1124.7513256125555,0
777,2016-09-16,1,GROCERY I,806.8137522831169,0
778,2016-09-16,2,GROCERY I,923.2457797486505,1
779,2016-09-16,3,GROCERY I,965.0121844469319,1
780,2016-09-17,1,GROCERY I,1021.3094917380268,1
781,2016-09-17,2,GROCERY I,1067.193808410624,0
782,2016-09-17,3,GROCERY I,1091.603347519986,0
783,2016-09-18,1,GROCERY I,881.067294027848,0
784,2016-09-18,2,GROCERY I,935.7407926438636,0
785,2016-09-18,3,GROCERY I,1131.6407285090006,0
786,2016-09-19,1,GROCERY I,842.0525984473439,1
787,2016-09-19,2,GROCERY I,970.762432470862,1
788,2016-09-19,3,GROCERY I,1049.7303113504418,0
789,2016-09-20,1,GROCERY I,961.7226607809536,1
790,2016-09-20,2,GROCERY I,988.3351633528947,1
791,2016-09-20,3,GROCERY I,1111.193944963129,0
792,2016-09-21,1,GROCERY I,808.2534334266047,0
793,2016-09-21,2,GROCERY I,949.2149468822835,1
794,2016-09-21,3,GROCERY I,1112.96476472503,0
795,2016-09-22,1,GROCERY I,773.0321359361407,0
796,2016-09-22,2,GROCERY I,982.4051363786931,1
797,2016-09-22,3,GROCERY I,1098.9648985517128,1
798,2016-09-23,1,GROCERY I,799.0088560914268,0
799,2016-09-23,2,GROCERY I,1082.3024735796407,1
800,2016-09-23,3,GROCERY I,1127.6581263841265,0
801,2016-09-24,1,GROCERY I,887.7579299035029,1
802,2016-09-24,2,GROCERY I,943.7544735281758,0
803,2016-09-24,3,GROCERY I,970.3269185353479,0
804,2016-09-25,1,GROCERY I,975.421264098022,0
805,2016-09-25,2,GROCERY I,963.5577723997255,0
806,2016-09-25,3,GROCERY I,987.20242375329,0
807,2016-09-26,1,GROCERY I,841.6338244691483,1
808,2016-09-26,2,GROCERY I,1036.2030735183673,0
809,2016-09-26,3,GROCERY I,1119.0880632742756,0
810,2016-09-27,1,GROCERY I,814.5924984764091,1
811,2016-09-27,2,GROCERY I,1090.6151856415672,0
812,2016-09-27,3,GROCERY I,986.2589080524342,0
813,2016-09-28,1,GROCERY I,1008.6496876693808,0
814,2016-09-28,2,GROCERY I,1015.6210425183818,1
815,2016-09-28,3,GROCERY I,1069.2959259433803,0
816,2016-09-29,1,GROCERY I,879.8100700012413,0
817,2016-09-29,2,GROCERY I,1006.287896489203,1
818,2016-09-29,3,GROCERY I,1142.570349910515,0
819,2016-09-30,1,GROCERY I,757.841068853914,0
820,2016-09-30,2,GROCERY I,939.1847929104875,0
821,2016-09-30,3,GROCERY I,1103.7245978662288,1
822,2016-10-01,1,GROCERY I,994.0405261207023,1
823,2016-10-01,2,GROCERY I,1090.5641830731342,1
824,2016-10-01,3,GROCERY I,1227.2361838332818,0
825,2016-10-02,1,GROCERY I,986.2274684596146,0
826,2016-10-02,2,GROCERY I,933.5384094715731,1
827,2016-10-02,3,GROCERY I,1098.636968853003,1
828,2016-10-03,1,GROCERY I,986.7612128743973,1
829,2016-10-03,2,GROCERY I,1077.9055257373848,1
830,2016-10-03,3,GROCERY I,1083.6974511100361,1
831,2016-10-04,1,GROCERY I,940.2438934701493,1
832,2016-10-04,2,GROCERY I,963.131094578807,0
833,2016-10-04,3,GROCERY I,980.6315331621606,0
834,2016-10-05,1,GROCERY I,890.4664930137664,0
835,2016-10-05,2,GROCERY I,985.7075864788887,1
836,2016-10-05,3,GROCERY I,1059.4717843223038,0
837,2016-10-06,1,GROCERY I,942.9037575344715,0
838,2016-10-06,2,GROCERY I,981.0842864028389,0
839,2016-10-06,3,GROCERY I,1131.0779360681233,1
840,2016-10-07,1,GROCERY I,960.1437172668365,1
841,2016-10-07,2,GROCERY I,1190.9561439659137,0
842,2016-10-07,3,GROCERY I,1091.7870327167493,0
843,2016-10-08,1,GROCERY I,995.3111712233132,0
844,2016-10-08,2,GROCERY I,1017.9173942698758,1
845,2016-10-08,3,GROCERY I,1122.5564693915326,1
846,2016-10-09,1,GROCERY I,892.8543677839413,1
847,2016-10-09,2,GROCERY I,1010.8098761494466,0
848,2016-10-09,3,GROCERY I,1081.8064469884894,0
849,2016-10-10,1,GROCERY I,979.082549028117,0
850,2016-10-10,2,GROCERY I,941.9187921839218,0
851,2016-10-10,3,GROCERY I,979.9464477774529,1
852,2016-10-11,1,GROCERY I,856.9750922914288,0
853,2016-10-11,2,GROCERY I,948.839728729002,0
854,2016-10-11,3,GROCERY I,1056.9347037710736,0
855,2016-10-12,1,GROCERY I,888.6883598284958,1
856,2016-10-12,2,GROCERY I,957.2150929425154,1
857,2016-10-12,3,GROCERY I,1087.580003055617,1
858,2016-10-13,1,GROCERY I,857.4498004845794,0
859,2016-10-13,2,GROCERY I,1032.816961254364,1
860,2016-10-13,3,GROCERY I,1289.9685240021145,0
861,2016-10-14,1,GROCERY I,916.290654296784,1
862,2016-10-14,2,GROCERY I,960.5278927693857,0
863,2016-10-14,3,GROCERY I,913.970290010057,0
864,2016-10-15,1,GROCERY I,1052.2325969819335,0
865,2016-10-15,2,GROCERY I,1020.7846285444408,0
866,2016-10-15,3,GROCERY I,1086.8837199978402,1
867,2016-10-16,1,GROCERY I,717.9410877022599,0
868,2016-10-16,2,GROCERY I,990.9465272216883,1
869,2016-10-16,3,GROCERY I,1110.1277368222154,1
870,2016-10-17,1,GROCERY I,857.7259095107579,0
871,2016-10-17,2,GROCERY I,892.9294070940924,0
872,2016-10-17,3,GROCERY I,988.1851069505277,0
873,2016-10-18,1,GROCERY I,1053.8356955253262,0
874,2016-10-18,2,GROCERY I,1007.8083193996353,1
875,2016-10-18,3,GROCERY I,1057.6582154640084,1
876,2016-10-19,1,GROCERY I,903.0018585871678,1
877,2016-10-19,2,GROCERY I,997.5333988732652,0
878,2016-10-19,3,GROCERY I,984.641701148799,0
879,2016-10-20,1,GROCERY I,973.1699243189478,0
880,2016-10-20,2,GROCERY I,984.8355590768577,1
881,2016-10-20,3,GROCERY I,1108.908034351849,0
882,2016-10-21,1,GROCERY I,1018.1914931979735,1
883,2016-10-21,2,GROCERY I,895.055746737823,0
884,2016-10-21,3,GROCERY I,1038.027851499035,0
885,2016-10-22,1,GROCERY I,925.1055216085697,0
886,2016-10-22,2,GROCERY I,1071.4284653058364,0
887,2016-10-22,3,GROCERY I,1050.484275792691,0
888,2016-10-23,1,GROCERY I,854.7489001315969,0
889,2016-10-23,2,GROCERY I,1050.3037034888243,0
890,2016-10-23,3,GROCERY I,1281.4115363119404,0
891,2016-10-24,1,GROCERY I,905.6335301861831,0
892,2016-10-24,2,GROCERY I,937.7915257801386,0
893,2016-10-24,3,GROCERY I,1015.4276100689381,0
894,2016-10-25,1,GROCERY I,888.4572497183796,0
895,2016-10-25,2,GROCERY I,1067.3701567310106,0
896,2016-10-25,3,GROCERY I,1324.7655176077114,0
897,2016-10-26,1,GROCERY I,875.120888006058,0
898,2016-10-26,2,GROCERY I,1005.7614113533642,0
899,2016-10-26,3,GROCERY I,1236.487340650211,0
900,2016-10-27,1,GROCERY I,923.753269658889,0
901,2016-10-27,2,GROCERY I,1016.8533502179696,0
902,2016-10-27,3,GROCERY I,1216.988421077869,0
903,2016-10-28,1,GROCERY I,907.6351230790189,0
904,2016-10-28,2,GROCERY I,921.3267217072776,0
905,2016-10-28,3,GROCERY I,1197.0306953378524,1
906,2016-10-29,1,GROCERY I,772.6389598206836,0
907,2016-10-29,2,GROCERY I,1081.2412173186344,0
908,2016-10-29,3,GROCERY I,1099.3676387701412,0
909,2016-10-30,1,GROCERY I,875.9388332122612,1
910,2016-10-30,2,GROCERY I,973.9441511941017,0
911,2016-10-30,3,GROCERY I,1088.1542076361798,1
912,2016-10-31,1,GROCERY I,864.5590277406826,0
913,2016-10-31,2,GROCERY I,1035.396368397577,0
914,2016-10-31,3,GROCERY I,1067.2280857305598,1
915,2016-11-01,1,GROCERY I,746.3267259283855,1
916,2016-11-01,2,GROCERY I,999.9549522301633,1
917,2016-11-01,3,GROCERY I,1176.8587446075571,1
918,2016-11-02,1,GROCERY I,742.0932904112829,0
919,2016-11-02,2,GROCERY I,999.4306515897188,0
920,2016-11-02,3,GROCERY I,1063.0298339862043,1
921,2016-11-03,1,GROCERY I,974.6111074392896,0
922,2016-11-03,2,GROCERY I,979.1337233276333,1
923,2016-11-03,3,GROCERY I,1161.5388966429703,0
924,2016-11-04,1,GROCERY I,951.5646729587183,1
925,2016-11-04,2,GROCERY I,1053.9035514934205,0
926,2016-11-04,3,GROCERY I,1224.705299823927,1
927,2016-11-05,1,GROCERY I,881.8836332364689,1
928,2016-11-05,2,GROCERY I,1004.5928057150526,0
929,2016-11-05,3,GROCERY I,1133.1693028021361,0
930,2016-11-06,1,GROCERY I,907.0370317064802,0
931,2016-11-06,2,GROCERY I,979.3035278651416,1
932,2016-11-06,3,GROCERY I,1027.944625302986,0
933,2016-11-07,1,GROCERY I,900.878841082202,0
934,2016-11-07,2,GROCERY I,880.2101463924371,0
935,2016-11-07,3,GROCERY I,936.9817193812225,1
936,2016-11-08,1,GROCERY I,810.5355346234765,0
937,2016-11-08,2,GROCERY I,1052.9102551913365,0
938,2016-11-08,3,GROCERY I,1118.502561819469,0
939,2016-11-09,1,GROCERY I,953.7691452077149,0
940,2016-11-09,2,GROCERY I,944.6453043060312,0
941,2016-11-09,3,GROCERY I,1183.4994718176395,0
942,2016-11-10,1,GROCERY I,788.2430353799095,0
943,2016-11-10,2,GROCERY I,913.2311502051009,0
944,2016-11-10,3,GROCERY I,1181.927907187282,1
945,2016-11-11,1,GROCERY I,912.5786274748955,0
946,2016-11-11,2,GROCERY I,1054.2819161120024,0
947,2016-11-11,3,GROCERY I,1118.8455896511914,0
948,2016-11-12,1,GROCERY I,855.0554765179528,1
949,2016-11-12,2,GROCERY I,904.4507615420433,1
950,2016-11-12,3,GROCERY I,953.7283750846798,0
951,2016-11-13,1,GROCERY I,1044.7131633666218,0
952,2016-11-13,2,GROCERY I,869.9132409098787,0
953,2016-11-13,3,GROCERY I,1213.7685079938844,1
954,2016-11-14,1,GROCERY I,908.1157944520039,0
955,2016-11-14,2,GROCERY I,1021.3388934381313,0
956,2016-11-14,3,GROCERY I,1115.9708014329212,1
957,2016-11-15,1,GROCERY I,943.4286579582076,0
958,2016-11-15,2,GROCERY I,937.3456110627866,0
959,2016-11-15,3,GROCERY I,927.5181565960015,0
960,2016-11-16,1,GROCERY I,853.4724852574716,0
961,2016-11-16,2,GROCERY I,1036.2415005049738,0
962,2016-11-16,3,GROCERY I,1013.9411233083814,1
963,2016-11-17,1,GROCERY I,985.7043631143692,1
964,2016-11-17,2,GROCERY I,989.5979150801209,1
965,2016-11-17,3,GROCERY I,1007.1270434890608,0
966,2016-11-18,1,GROCERY I,911.7857864389176,1
967,2016-11-18,2,GROCERY I,1034.8366668765934,1
968,2016-11-18,3,GROCERY I,1140.7856566220894,0
969,2016-11-19,1,GROCERY I,666.6272095442347,0
970,2016-11-19,2,GROCERY I,756.1893947717797,0
971,2016-11-19,3,GROCERY I,1182.0278427406204,0
972,2016-11-20,1,GROCERY I,782.7051214024366,0
973,2016-11-20,2,GROCERY I,1082.1524597056496,1
974,2016-11-20,3,GROCERY I,1190.3192880769614,0
975,2016-11-21,1,GROCERY I,804.6083735646054,1
976,2016-11-21,2,GROCERY I,918.6220527118687,0
977,2016-11-21,3,GROCERY I,1158.5942247810272,0
978,2016-11-22,1,GROCERY I,867.7126305184532,1
979,2016-11-22,2,GROCERY I,1103.4807974767496,0
980,2016-11-22,3,GROCERY I,1228.3383283748012,0
981,2016-11-23,1,GROCERY I,807.045247489593,0
982,2016-11-23,2,GROCERY I,935.8704927385239,1
983,2016-11-23,3,GROCERY I,1107.58614877843,0
984,2016-11-24,1,GROCERY I,725.5707033009448,0
985,2016-11-24,2,GROCERY I,855.7715042865693,0
986,2016-11-24,3,GROCERY I,1027.2717689117314,0
987,2016-11-25,1,GROCERY I,1060.0770481272123,1
988,2016-11-25,2,GROCERY I,1019.6296807196265,0
989,2016-11-25,3,GROCERY I,1047.6829493090463,0
990,2016-11-26,1,GROCERY I,818.0376869669594,0
991,2016-11-26,2,GROCERY I,903.7842731279176,0
992,2016-11-26,3,GROCERY I,1053.1158688019552,1
993,2016-11-27,1,GROCERY I,848.7607942515659,0
994,2016-11-27,2,GROCERY I,981.1095926577611,0
995,2016-11-27,3,GROCERY I,1138.8075094797691,0
996,2016-11-28,1,GROCERY I,892.9108843797466,0
997,2016-11-28,2,GROCERY I,1063.7235224415997,0
998,2016-11-28,3,GROCERY I,1075.464216973925,0
999,2016-11-29,1,GROCERY I,1035.7269346376681,0
1000,2016-11-29,2,GROCERY I,1061.5885514444283,0
1001,2016-11-29,3,GROCERY I,1117.38185265829,0
1002,2016-11-30,1,GROCERY I,939.0934819573846,0
1003,2016-11-30,2,GROCERY I,955.164042495754,0
1004,2016-11-30,3,GROCERY I,1079.8349747677314,0
1005,2016-12-01,1,GROCERY I,876.8099507620104,0
1006,2016-12-01,2,GROCERY I,938.6226345175488,0
1007,2016-12-01,3,GROCERY I,991.180524992626,1
1008,2016-12-02,1,GROCERY I,943.6258609573648,0
1009,2016-12-02,2,GROCERY I,1077.2136394182933,1
1010,2016-12-02,3,GROCERY I,1131.3608749892605,1
1011,2016-12-03,1,GROCERY I,892.6767984465433,1
1012,2016-12-03,2,GROCERY I,1177.132209263353,0
1013,2016-12-03,3,GROCERY I,1046.7297831103651,0
1014,2016-12-04,1,GROCERY I,920.1483532236005,0
1015,2016-12-04,2,GROCERY I,1089.814260365099,0
1016,2016-12-04,3,GROCERY I,1011.1255123827424,1
1017,2016-12-05,1,GROCERY I,950.0540457276923,0
1018,2016-12-05,2,GROCERY I,1142.1746272206178,0
1019,2016-12-05,3,GROCERY I,1099.1843107499963,1
1020,2016-12-06,1,GROCERY I,912.7438227063712,0
1021,2016-12-06,2,GROCERY I,947.1759907182409,0
1022,2016-12-06,3,GROCERY I,1138.1282373859183,0
1023,2016-12-07,1,GROCERY I,836.8010916905918,0
1024,2016-12-07,2,GROCERY I,994.4160971390289,1
1025,2016-12-07,3,GROCERY I,982.2550118940651,0
1026,2016-12-08,1,GROCERY I,691.8489347958649,0
1027,2016-12-08,2,GROCERY I,961.7533553796941,1
1028,2016-12-08,3,GROCERY I,1060.52254326769,0
1029,2016-12-09,1,GROCERY I,868.2468927009767,0
1030,2016-12-09,2,GROCERY I,1058.946922473604,0
1031,2016-12-09,3,GROCERY I,1179.7243907598722,0
1032,2016-12-10,1,GROCERY I,923.5674274046703,0
1033,2016-12-10,2,GROCERY I,1052.8029993432267,1
1034,2016-12-10,3,GROCERY I,1038.924854615147,0
1035,2016-12-11,1,GROCERY I,820.4531913203905,0
1036,2016-12-11,2,GROCERY I,1039.8338347415504,1
1037,2016-12-11,3,GROCERY I,1010.1634360714296,0
1038,2016-12-12,1,GROCERY I,802.0236177879567,0
1039,2016-12-12,2,GROCERY I,1228.5950738511892,1
1040,2016-12-12,3,GROCERY I,1104.3028345025857,1
1041,2016-12-13,1,GROCERY I,860.5712184883553,0
1042,2016-12-13,2,GROCERY I,951.7824509575822,1
1043,2016-12-13,3,GROCERY I,984.2396338867987,0
1044,2016-12-14,1,GROCERY I,921.8290014420618,0
1045,2016-12-14,2,GROCERY I,975.2782107843001,0
1046,2016-12-14,3,GROCERY I,1177.1640545791468,0
1047,2016-12-15,1,GROCERY I,942.4555150419786,0
1048,2016-12-15,2,GROCERY I,972.6277687414362,0
1049,2016-12-15,3,GROCERY I,941.7800750106297,0
1050,2016-12-16,1,GROCERY I,904.5197353594587,0
1051,2016-12-16,2,GROCERY I,997.2420107972293,0
1052,2016-12-16,3,GROCERY I,927.5193595152497,0
1053,2016-12-17,1,GROCERY I,932.5811114988375,0
1054,2016-12-17,2,GROCERY I,907.7060066880192,1
1055,2016-12-17,3,GROCERY I,1181.7925780288379,1
1056,2016-12-18,1,GROCERY I,892.3771370388853,0
1057,2016-12-18,2,GROCERY I,949.6524412532397,1
1058,2016-12-18,3,GROCERY I,1115.6083178514311,1
1059,2016-12-19,1,GROCERY I,910.5499050496921,0
1060,2016-12-19,2,GROCERY I,1007.5674026366161,1
1061,2016-12-19,3,GROCERY I,1169.665821629331,1
1062,2016-12-20,1,GROCERY I,755.3484762503404,1
1063,2016-12-20,2,GROCERY I,1020.5326984569809,0
1064,2016-12-20,3,GROCERY I,1042.8944402225031,0
1065,2016-12-21,1,GROCERY I,877.6258535093685,1
1066,2016-12-21,2,GROCERY I,1112.0705488250373,1
1067,2016-12-21,3,GROCERY I,1036.1477313796133,0
1068,2016-12-22,1,GROCERY I,931.2363945643106,0
1069,2016-12-22,2,GROCERY I,1072.8990435655157,0
1070,2016-12-22,3,GROCERY I,1139.1507151150727,0
1071,2016-12-23,1,GROCERY I,905.0158642589371,0
1072,2016-12-23,2,GROCERY I,1017.2078508655229,0
1073,2016-12-23,3,GROCERY I,1144.4116545555864,0
1074,2016-12-24,1,GROCERY I,835.2699212047169,0
1075,2016-12-24,2,GROCERY I,997.7585772083405,0
1076,2016-12-24,3,GROCERY I,1276.5220245712321,0
1077,2016-12-25,1,GROCERY I,933.7831215300288,1
1078,2016-12-25,2,GROCERY I,1007.8401531279507,1
1079,2016-12-25,3,GROCERY I,1069.7568566614818,1
1080,2016-12-26,1,GROCERY I,836.0955404085614,0
1081,2016-12-26,2,GROCERY I,1019.9147128317327,0
1082,2016-12-26,3,GROCERY I,1125.5275867218859,0
1083,2016-12-27,1,GROCERY I,892.4027751525863,1
1084,2016-12-27,2,GROCERY I,1216.3188085823508,0
1085,2016-12-27,3,GROCERY I,1042.4414763217162,0
1086,2016-12-28,1,GROCERY I,824.5856068374927,1
1087,2016-12-28,2,GROCERY I,970.8498165685406,0
1088,2016-12-28,3,GROCERY I,1094.9193060449386,0
1089,2016-12-29,1,GROCERY I,832.2604725692784,1
1090,2016-12-29,2,GROCERY I,1017.9437845745275,0
1091,2016-12-29,3,GROCERY I,1126.6025850478113,0
1092,2016-12-30,1,GROCERY I,954.1987873673115,0
1093,2016-12-30,2,GROCERY I,958.2769084170893,0
1094,2016-12-30,3,GROCERY I,1204.0926678921624,0
1095,2016-12-31,1,GROCERY I,948.3994700543099,0
1096,2016-12-31,2,GROCERY I,1225.0119398590978,1
1097,2016-12-31,3,GROCERY I,1040.9298735298314,0
1098,2017-01-01,1,GROCERY I,831.9344302093846,0
1099,2017-01-01,2,GROCERY I,976.0277548755707,0
1100,2017-01-01,3,GROCERY I,1126.8033894029932,0
1101,2017-01-02,1,GROCERY I,938.4822931810925,0
1102,2017-01-02,2,GROCERY I,1048.2405482741342,0
1103,2017-01-02,3,GROCERY I,1269.6914722106933,0
1104,2017-01-03,1,GROCERY I,751.0012197900164,1
1105,2017-01-03,2,GROCERY I,860.7597608777747,1
1106,2017-01-03,3,GROCERY I,1090.2555820757334,0
1107,2017-01-04,1,GROCERY I,1060.8740889920412,0
1108,2017-01-04,2,GROCERY I,1058.0878689157068,0
1109,2017-01-04,3,GROCERY I,1020.068408693519,0
1110,2017-01-05,1,GROCERY I,913.8405711721781,0
1111,2017-01-05,2,GROCERY I,985.5754381720373,0
1112,2017-01-05,3,GROCERY I,1082.7880667383097,0
1113,2017-01-06,1,GROCERY I,856.8371854463088,1
1114,2017-01-06,2,GROCERY I,1007.2640018888038,0
1115,2017-01-06,3,GROCERY I,1186.4684963960697,0
1116,2017-01-07,1,GROCERY I,863.5075043107714,1
1117,2017-01-07,2,GROCERY I,1048.8675933128684,0
1118,2017-01-07,3,GROCERY I,1163.2314781572939,1
1119,2017-01-08,1,GROCERY I,1003.3349172526938,0
1120,2017-01-08,2,GROCERY I,930.6867089072449,0
1121,2017-01-08,3,GROCERY I,1100.9022157294928,0
1122,2017-01-09,1,GROCERY I,848.0589664311891,1
1123,2017-01-09,2,GROCERY I,1007.4143556823203,0
1124,2017-01-09,3,GROCERY I,1106.87947845981,1
1125,2017-01-10,1,GROCERY I,812.0273323324527,0
1126,2017-01-10,2,GROCERY I,1012.0737221445197,0
1127,2017-01-10,3,GROCERY I,1274.86910131341,0
1128,2017-01-11,1,GROCERY I,938.8065413651303,0
1129,2017-01-11,2,GROCERY I,897.04740475709,1
1130,2017-01-11,3,GROCERY I,1026.1216176053358,0
1131,2017-01-12,1,GROCERY I,896.8720863026757,1
1132,2017-01-12,2,GROCERY I,927.7994794845366,0
1133,2017-01-12,3,GROCERY I,1198.3500574120083,1
1134,2017-01-13,1,GROCERY I,788.5062012507062,0
1135,2017-01-13,2,GROCERY I,1039.3837529550428,0
1136,2017-01-13,3,GROCERY I,973.4266387098465,0
1137,2017-01-14,1,GROCERY I,895.6236450520584,1
1138,2017-01-14,2,GROCERY I,917.0734420104275,1
1139,2017-01-14,3,GROCERY I,1154.0115727915918,0
1140,2017-01-15,1,GROCERY I,982.702893435112,0
1141,2017-01-15,2,GROCERY I,1026.5596394765548,0
1142,2017-01-15,3,GROCERY I,1186.7669113171075,1
1143,2017-01-16,1,GROCERY I,709.8167606616015,0
1144,2017-01-16,2,GROCERY I,1011.0564103482624,0
1145,2017-01-16,3,GROCERY I,1138.2088583805416,0
1146,2017-01-17,1,GROCERY I,948.6761389143743,1
1147,2017-01-17,2,GROCERY I,852.2930391103616,1
1148,2017-01-17,3,GROCERY I,1133.3094518511164,0
1149,2017-01-18,1,GROCERY I,950.5019784097261,0
1150,2017-01-18,2,GROCERY I,1010.1493581036674,1
1151,2017-01-18,3,GROCERY I,997.7529309830558,0
1152,2017-01-19,1,GROCERY I,856.2769765577298,0
1153,2017-01-19,2,GROCERY I,1098.8197910648219,0
1154,2017-01-19,3,GROCERY I,1188.395239116618,0
1155,2017-01-20,1,GROCERY I,936.6847308969735,0
1156,2017-01-20,2,GROCERY I,1055.79906495368,0
1157,2017-01-20,3,GROCERY I,1177.680506876735,0
1158,2017-01-21,1,GROCERY I,935.7329212223123,0
1159,2017-01-21,2,GROCERY I,1096.2160645228917,0
1160,2017-01-21,3,GROCERY I,1193.1955556150501,0
1161,2017-01-22,1,GROCERY I,1105.8013949575784,1
1162,2017-01-22,2,GROCERY I,959.407953887966,0
1163,2017-01-22,3,GROCERY I,1060.782227996898,1
1164,2017-01-23,1,GROCERY I,678.9859595461005,0
1165,2017-01-23,2,GROCERY I,1029.5486447759924,1
1166,2017-01-23,3,GROCERY I,1254.8304946823287,0
1167,2017-01-24,1,GROCERY I,1003.2823244147309,0
1168,2017-01-24,2,GROCERY I,1066.1125847914607,0
1169,2017-01-24,3,GROCERY I,1209.502770552285,1
1170,2017-01-25,1,GROCERY I,939.6896566471029,0
1171,2017-01-25,2,GROCERY I,976.9371633498145,0
1172,2017-01-25,3,GROCERY I,1278.7508996958145,0
1173,2017-01-26,1,GROCERY I,933.5571914282599,0
1174,2017-01-26,2,GROCERY I,1091.2202624755423,0
1175,2017-01-26,3,GROCERY I,909.3289037634111,0
1176,2017-01-27,1,GROCERY I,722.4420593101559,0
1177,2017-01-27,2,GROCERY I,1013.5579096954608,0
1178,2017-01-27,3,GROCERY I,1027.831108945516,0
1179,2017-01-28,1,GROCERY I,920.8603507312934,0
1180,2017-01-28,2,GROCERY I,960.6767339074268,1
1181,2017-01-28,3,GROCERY I,1321.3948713625807,0
1182,2017-01-29,1,GROCERY I,983.9598884690655,0
1183,2017-01-29,2,GROCERY I,1118.3569715081753,1
1184,2017-01-29,3,GROCERY I,935.6190953859765,0
1185,2017-01-30,1,GROCERY I,964.9388567997202,1
1186,2017-01-30,2,GROCERY I,985.8907239608536,0
1187,2017-01-30,3,GROCERY I,1220.1623401474503,0
1188,2017-01-31,1,GROCERY I,952.1232496515167,1
1189,2017-01-31,2,GROCERY I,997.0200597958299,1
1190,2017-01-31,3,GROCERY I,1005.1852335574146,0
1191,2017-02-01,1,GROCERY I,912.0064904276019,0
1192,2017-02-01,2,GROCERY I,1096.7411654740301,1
1193,2017-02-01,3,GROCERY I,1225.5998787999158,1
1194,2017-02-02,1,GROCERY I,871.8187972040184,0
1195,2017-02-02,2,GROCERY I,1202.552374219374,0
1196,2017-02-02,3,GROCERY I,1189.5517729598705,0
1197,2017-02-03,1,GROCERY I,829.34402950759,1
1198,2017-02-03,2,GROCERY I,911.9470988612512,0
1199,2017-02-03,3,GROCERY I,1090.8177640798463,0
1200,2017-02-04,1,GROCERY I,871.6242157632258,1
1201,2017-02-04,2,GROCERY I,1040.3555718129974,0
1202,2017-02-04,3,GROCERY I,1103.4104819550198,1
1203,2017-02-05,1,GROCERY I,878.1036803345785,1
1204,2017-02-05,2,GROCERY I,877.3708097317834,0
1205,2017-02-05,3,GROCERY I,1154.7230330493906,1
1206,2017-02-06,1,GROCERY I,771.2954632584023,0
1207,2017-02-06,2,GROCERY I,1089.8475704353232,1
1208,2017-02-06,3,GROCERY I,943.1323521224374,0
1209,2017-02-07,1,GROCERY I,767.208969486425,0
1210,2017-02-07,2,GROCERY I,929.0028940206272,0
1211,2017-02-07,3,GROCERY I,1064.6471986336248,0
1212,2017-02-08,1,GROCERY I,848.4633399690841,0
1213,2017-02-08,2,GROCERY I,964.3144497232933,1
1214,2017-02-08,3,GROCERY I,1122.4938532514784,1
1215,2017-02-09,1,GROCERY I,830.7248092934171,0
1216,2017-02-09,2,GROCERY I,1023.2586542293458,0
1217,2017-02-09,3,GROCERY I,910.2243577549189,0
1218,2017-02-10,1,GROCERY I,827.9172776596039,0
1219,2017-02-10,2,GROCERY I,863.7777110485353,1
1220,2017-02-10,3,GROCERY I,1188.797571448456,0
1221,2017-02-11,1,GROCERY I,840.4013649019487,0
1222,2017-02-11,2,GROCERY I,1049.298831724265,1
1223,2017-02-11,3,GROCERY I,951.1045052395555,0
1224,2017-02-12,1,GROCERY I,1023.9912452903301,0
1225,2017-02-12,2,GROCERY I,1008.0749433388123,0
1226,2017-02-12,3,GROCERY I,1268.5507786622518,1
1227,2017-02-13,1,GROCERY I,898.6530621013259,0
1228,2017-02-13,2,GROCERY I,878.2240579846857,0
1229,2017-02-13,3,GROCERY I,1018.5347574110993,0
1230,2017-02-14,1,GROCERY I,880.5904762079781,1
1231,2017-02-14,2,GROCERY I,921.351845787338,0
1232,2017-02-14,3,GROCERY I,1179.6431462530145,1
1233,2017-02-15,1,GROCERY I,905.6090526986574,0
1234,2017-02-15,2,GROCERY I,922.2704981589632,0
1235,2017-02-15,3,GROCERY I,1165.5474477647797,0
1236,2017-02-16,1,GROCERY I,869.9116647552335,0
1237,2017-02-16,2,GROCERY I,1061.5172697258997,1
1238,2017-02-16,3,GROCERY I,1057.193027729863,0
1239,2017-02-17,1,GROCERY I,943.2904670574433,1
1240,2017-02-17,2,GROCERY I,967.1572809587988,0
1241,2017-02-17,3,GROCERY I,1179.6750947857806,0
1242,2017-02-18,1,GROCERY I,752.6092430375462,0
1243,2017-02-18,2,GROCERY I,899.2469546635093,1
1244,2017-02-18,3,GROCERY I,1087.6311393104072,0
1245,2017-02-19,1,GROCERY I,843.7796032143037,0
1246,2017-02-19,2,GROCERY I,964.7593711321605,0
1247,2017-02-19,3,GROCERY I,1152.9558071544413,0
1248,2017-02-20,1,GROCERY I,863.117897553533,0
1249,2017-02-20,2,GROCERY I,1026.219717596156,1
1250,2017-02-20,3,GROCERY I,1027.390599511952,0
1251,2017-02-21,1,GROCERY I,737.4704345069579,0
1252,2017-02-21,2,GROCERY I,1060.971939356695,0
1253,2017-02-21,3,GROCERY I,1245.3221596912085,0
1254,2017-02-22,1,GROCERY I,917.3952332242609,0
1255,2017-02-22,2,GROCERY I,991.9761866045274,0
1256,2017-02-22,3,GROCERY I,1108.5684024007578,0
1257,2017-02-23,1,GROCERY I,1010.2188989019795,0
1258,2017-02-23,2,GROCERY I,1018.3840100644201,0
1259,2017-02-23,3,GROCERY I,1165.2252857737305,0
1260,2017-02-24,1,GROCERY I,961.2764362180986,0
1261,2017-02-24,2,GROCERY I,1087.2527948870506,0
1262,2017-02-24,3,GROCERY I,1090.2332889622887,1
1263,2017-02-25,1,GROCERY I,856.1541653404141,0
1264,2017-02-25,2,GROCERY I,1044.2461429620196,0
1265,2017-02-25,3,GROCERY I,1180.6934684763871,0
1266,2017-02-26,1,GROCERY I,997.418014996091,0
1267,2017-02-26,2,GROCERY I,1121.7360362189568,0
1268,2017-02-26,3,GROCERY I,1172.4207521195165,0
1269,2017-02-27,1,GROCERY I,851.8831350752795,0
1270,2017-02-27,2,GROCERY I,1017.2963741058151,1
1271,2017-02-27,3,GROCERY I,1109.8992011529112,0
1272,2017-02-28,1,GROCERY I,900.8786314065921,1
1273,2017-02-28,2,GROCERY I,1044.419205942354,0
1274,2017-02-28,3,GROCERY I,1082.7804434739076,1
1275,2017-03-01,1,GROCERY I,882.8962510520035,1
1276,2017-03-01,2,GROCERY I,1151.4439108338036,0
1277,2017-03-01,3,GROCERY I,1094.398971294976,0
1278,2017-03-02,1,GROCERY I,986.5881543833389,0
1279,2017-03-02,2,GROCERY I,1091.8605139612791,0
1280,2017-03-02,3,GROCERY I,1119.574554038988,1
1281,2017-03-03,1,GROCERY I,886.0025570628658,0
1282,2017-03-03,2,GROCERY I,930.4034021583625,1
1283,2017-03-03,3,GROCERY I,970.2459898535833,0
1284,2017-03-04,1,GROCERY I,950.4990662453719,1
1285,2017-03-04,2,GROCERY I,1032.618269569443,0
1286,2017-03-04,3,GROCERY I,1162.998616350842,1
1287,2017-03-05,1,GROCERY I,861.0309151347858,0
1288,2017-03-05,2,GROCERY I,1161.6511759020666,0
1289,2017-03-05,3,GROCERY I,1139.983048343664,0
1290,2017-03-06,1,GROCERY I,891.3413329341621,1
1291,2017-03-06,2,GROCERY I,833.1977362656098,1
1292,2017-03-06,3,GROCERY I,1069.5969550246243,0
1293,2017-03-07,1,GROCERY I,967.1654472619401,1
1294,2017-03-07,2,GROCERY I,1119.2099473837256,1
1295,2017-03-07,3,GROCERY I,1103.6846510861692,1
1296,2017-03-08,1,GROCERY I,1034.590686827208,1
1297,2017-03-08,2,GROCERY I,924.676991821616,0
1298,2017-03-08,3,GROCERY I,1135.1612915433143,0
1299,2017-03-09,1,GROCERY I,937.548852769662,0
1300,2017-03-09,2,GROCERY I,1051.1948932640632,0
1301,2017-03-09,3,GROCERY I,1114.6331784102963,0
1302,2017-03-10,1,GROCERY I,930.501711206478,0
1303,2017-03-10,2,GROCERY I,922.8979850212489,0
1304,2017-03-10,3,GROCERY I,1209.7873874293214,0
1305,2017-03-11,1,GROCERY I,977.4399043643092,1
1306,2017-03-11,2,GROCERY I,1027.1846859592345,1
1307,2017-03-11,3,GROCERY I,1179.5480374499455,1
1308,2017-03-12,1,GROCERY I,1012.8129596241549,1
1309,2017-03-12,2,GROCERY I,1049.9347417975625,1
1310,2017-03-12,3,GROCERY I,1272.6927208563868,0
1311,2017-03-13,1,GROCERY I,957.039794027608,1
1312,2017-03-13,2,GROCERY I,934.1838381536719,1
1313,2017-03-13,3,GROCERY I,1122.9512894634083,0
1314,2017-03-14,1,GROCERY I,983.0631943187055,0
1315,2017-03-14,2,GROCERY I,1112.905358870137,0
1316,2017-03-14,3,GROCERY I,1116.3765348816423,0
1317,2017-03-15,1,GROCERY I,828.200562331627,1
1318,2017-03-15,2,GROCERY I,984.2801263681514,0
1319,2017-03-15,3,GROCERY I,993.5298197909208,0
1320,2017-03-16,1,GROCERY I,965.8976741635033,0
1321,2017-03-16,2,GROCERY I,968.6219189663774,0
1322,2017-03-16,3,GROCERY I,1045.6816548518414,0
1323,2017-03-17,1,GROCERY I,974.4302286098314,1
1324,2017-03-17,2,GROCERY I,1132.5900896185997,0
1325,2017-03-17,3,GROCERY I,1045.352655873186,1
1326,2017-03-18,1,GROCERY I,916.9168121891133,0
1327,2017-03-18,2,GROCERY I,987.5893495055525,1
1328,2017-03-18,3,GROCERY I,1217.2962255700545,0
1329,2017-03-19,1,GROCERY I,896.6052951936714,0
1330,2017-03-19,2,GROCERY I,921.1007911586722,0
1331,2017-03-19,3,GROCERY I,1100.4258288361361,1
1332,2017-03-20,1,GROCERY I,996.5940022648961,0
1333,2017-03-20,2,GROCERY I,982.8837484911351,1
1334,2017-03-20,3,GROCERY I,1053.1849240858392,0
1335,2017-03-21,1,GROCERY I,892.9674810104628,1
1336,2017-03-21,2,GROCERY I,923.4530629696283,0
1337,2017-03-21,3,GROCERY I,1087.486281668536,0
1338,2017-03-22,1,GROCERY I,858.9090991428072,0
1339,2017-03-22,2,GROCERY I,1191.4141378414593,0
1340,2017-03-22,3,GROCERY I,948.1748400080179,1
1341,2017-03-23,1,GROCERY I,833.8552715685541,0
1342,2017-03-23,2,GROCERY I,953.1265431638732,0
1343,2017-03-23,3,GROCERY I,1023.9571034251406,0
1344,2017-03-24,1,GROCERY I,935.9852261245228,0
1345,2017-03-24,2,GROCERY I,943.9932776283289,0
1346,2017-03-24,3,GROCERY I,985.6947652618977,1
1347,2017-03-25,1,GROCERY I,909.5037231922322,0
1348,2017-03-25,2,GROCERY I,978.289880565462,0
1349,2017-03-25,3,GROCERY I,1047.5405230054148,0
1350,2017-03-26,1,GROCERY I,1014.878249984142,0
1351,2017-03-26,2,GROCERY I,1038.8158585182166,0
1352,2017-03-26,3,GROCERY I,1129.2389876030804,1
1353,2017-03-27,1,GROCERY I,940.6927634414479,0
1354,2017-03-27,2,GROCERY I,1036.3196505157566,0
1355,2017-03-27,3,GROCERY I,1082.2723064001518,0
1356,2017-03-28,1,GROCERY I,844.7907567078444,0
1357,2017-03-28,2,GROCERY I,1011.2935215066112,0
1358,2017-03-28,3,GROCERY I,1080.8183189685126,0
1359,2017-03-29,1,GROCERY I,747.2189675402975,1
1360,2017-03-29,2,GROCERY I,917.4374203870738,1
1361,2017-03-29,3,GROCERY I,1070.7426571483034,1
1362,2017-03-30,1,GROCERY I,976.3478663273359,0
1363,2017-03-30,2,GROCERY I,1011.6504251475108,0
1364,2017-03-30,3,GROCERY I,1031.04141157493,0
1365,2017-03-31,1,GROCERY I,811.036459651264,0
1366,2017-03-31,2,GROCERY I,1094.8914001695066,0
1367,2017-03-31,3,GROCERY I,1085.9029552830418,1
1368,2017-04-01,1,GROCERY I,671.0785303919462,0
1369,2017-04-01,2,GROCERY I,990.9316801728154,1
1370,2017-04-01,3,GROCERY I,1156.5226010318263,1
1371,2017-04-02,1,GROCERY I,808.7834514679073,0
1372,2017-04-02,2,GROCERY I,1005.404438726466,0
1373,2017-04-02,3,GROCERY I,1112.9535493828055,0
1374,2017-04-03,1,GROCERY I,813.1172357572682,0
1375,2017-04-03,2,GROCERY I,1103.1943758894593,0
1376,2017-04-03,3,GROCERY I,1114.3717344624042,0
1377,2017-04-04,1,GROCERY I,870.3431692421516,1
1378,2017-04-04,2,GROCERY I,986.4359427439645,1
1379,2017-04-04,3,GROCERY I,998.845571105823,1
1380,2017-04-05,1,GROCERY I,795.8452343869196,1
1381,2017-04-05,2,GROCERY I,963.012823558297,0
1382,2017-04-05,3,GROCERY I,1067.777364711501,0
1383,2017-04-06,1,GROCERY I,881.1879482708451,1
1384,2017-04-06,2,GROCERY I,1111.3656736779403,0
1385,2017-04-06,3,GROCERY I,1151.8059282449349,0
1386,2017-04-07,1,GROCERY I,757.8905888923023,0
1387,2017-04-07,2,GROCERY I,1092.807427731484,0
1388,2017-04-07,3,GROCERY I,1062.4107800624342,0
1389,2017-04-08,1,GROCERY I,959.9812442926499,0
1390,2017-04-08,2,GROCERY I,968.5090022962364,0
1391,2017-04-08,3,GROCERY I,1109.110015531361,0
1392,2017-04-09,1,GROCERY I,804.1929368772675,1
1393,2017-04-09,2,GROCERY I,1026.5233356106953,0
1394,2017-04-09,3,GROCERY I,1169.7580399775206,1
1395,2017-04-10,1,GROCERY I,770.6432479868043,1
1396,2017-04-10,2,GROCERY I,1071.1301854021606,0
1397,2017-04-10,3,GROCERY I,1044.4765340913887,1
1398,2017-04-11,1,GROCERY I,1040.211804364075,0
1399,2017-04-11,2,GROCERY I,1061.591678501981,1
1400,2017-04-11,3,GROCERY I,1146.1366689234721,0
1401,2017-04-12,1,GROCERY I,886.8988716702239,0
1402,2017-04-12,2,GROCERY I,1210.7792603532,0
1403,2017-04-12,3,GROCERY I,1062.8959646918852,0
1404,2017-04-13,1,GROCERY I,819.1304865714947,0
1405,2017-04-13,2,GROCERY I,947.1144723354288,0
1406,2017-04-13,3,GROCERY I,1185.2782103794507,0
1407,2017-04-14,1,GROCERY I,907.557599345571,0
1408,2017-04-14,2,GROCERY I,995.4847122490314,0
1409,2017-04-14,3,GROCERY I,1064.0413256184236,0
1410,2017-04-15,1,GROCERY I,891.3170693851874,1
1411,2017-04-15,2,GROCERY I,958.6961922510793,0
1412,2017-04-15,3,GROCERY I,1154.0485306531582,0
1413,2017-04-16,1,GROCERY I,879.3983040872167,0
1414,2017-04-16,2,GROCERY I,948.5151100039482,0
1415,2017-04-16,3,GROCERY I,1177.5843589913397,0
1416,2017-04-17,1,GROCERY I,821.4472123239358,1
1417,2017-04-17,2,GROCERY I,1008.6961722250728,0
1418,2017-04-17,3,GROCERY I,946.7547868424805,0
1419,2017-04-18,1,GROCERY I,789.9165334741481,0
1420,2017-04-18,2,GROCERY I,970.8457265548607,0
1421,2017-04-18,3,GROCERY I,1057.2963248272633,0
1422,2017-04-19,1,GROCERY I,857.1795546695537,0
1423,2017-04-19,2,GROCERY I,1062.389569001822,0
1424,2017-04-19,3,GROCERY I,1167.4539448018136,0
1425,2017-04-20,1,GROCERY I,923.913452206732,1
1426,2017-04-20,2,GROCERY I,917.5038345248332,0
1427,2017-04-20,3,GROCERY I,1090.6986683751707,1
1428,2017-04-21,1,GROCERY I,1053.959682961006,0
1429,2017-04-21,2,GROCERY I,1199.514160458239,0
1430,2017-04-21,3,GROCERY I,1178.453863546194,0
1431,2017-04-22,1,GROCERY I,820.3447818526555,0
1432,2017-04-22,2,GROCERY I,991.3973004587149,1
1433,2017-04-22,3,GROCERY I,1118.45378419045,1
1434,2017-04-23,1,GROCERY I,906.031963451685,0
1435,2017-04-23,2,GROCERY I,1087.6851386445744,0
1436,2017-04-23,3,GROCERY I,1158.5450715456711,0
1437,2017-04-24,1,GROCERY I,816.378977488122,0
1438,2017-04-24,2,GROCERY I,950.3342891455529,0
1439,2017-04-24,3,GROCERY I,1178.078724023524,0
1440,2017-04-25,1,GROCERY I,1014.4735215059482,1
1441,2017-04-25,2,GROCERY I,1019.4719133120432,1
1442,2017-04-25,3,GROCERY I,1226.0301319548432,0
1443,2017-04-26,1,GROCERY I,910.093215714478,0
1444,2017-04-26,2,GROCERY I,928.8167738962242,0
1445,2017-04-26,3,GROCERY I,1150.629465884583,0
1446,2017-04-27,1,GROCERY I,1144.7624983197459,0
1447,2017-04-27,2,GROCERY I,899.4094020014904,0
1448,2017-04-27,3,GROCERY I,1222.3450783173837,1
1449,2017-04-28,1,GROCERY I,945.7793936149819,0
1450,2017-04-28,2,GROCERY I,945.7990763446587,0
1451,2017-04-28,3,GROCERY I,948.3963320041695,0
1452,2017-04-29,1,GROCERY I,720.5737902711653,0
1453,2017-04-29,2,GROCERY I,957.0244964789266,0
1454,2017-04-29,3,GROCERY I,1131.7126801765653,0
1455,2017-04-30,1,GROCERY I,971.5038996748366,1
1456,2017-04-30,2,GROCERY I,1091.2650231489106,1
1457,2017-04-30,3,GROCERY I,1124.2773520653336,1
1458,2017-05-01,1,GROCERY I,911.3325357912821,1
1459,2017-05-01,2,GROCERY I,973.4045972528183,0
1460,2017-05-01,3,GROCERY I,1133.7293463927863,0
1461,2017-05-02,1,GROCERY I,846.9460999490589,1
1462,2017-05-02,2,GROCERY I,903.1681017773769,0
1463,2017-05-02,3,GROCERY I,1106.289413562543,0
1464,2017-05-03,1,GROCERY I,964.6838199681615,0
1465,2017-05-03,2,GROCERY I,887.4799498390214,0
1466,2017-05-03,3,GROCERY I,1057.032240834711,0
1467,2017-05-04,1,GROCERY I,903.2944016279342,1
1468,2017-05-04,2,GROCERY I,1001.6029832693049,1
1469,2017-05-04,3,GROCERY I,1143.5101603289745,1
1470,2017-05-05,1,GROCERY I,1051.0339177223573,1
1471,2017-05-05,2,GROCERY I,821.1971601681067,0
1472,2017-05-05,3,GROCERY I,1255.5678233808183,0
1473,2017-05-06,1,GROCERY I,1046.4763431005251,0
1474,2017-05-06,2,GROCERY I,1072.9721916781423,0
1475,2017-05-06,3,GROCERY I,1117.943151953354,0
1476,2017-05-07,1,GROCERY I,848.4435388093827,1
1477,2017-05-07,2,GROCERY I,1071.8844224114093,0
1478,2017-05-07,3,GROCERY I,1122.1455783464658,0
1479,2017-05-08,1,GROCERY I,875.0688452840224,0
1480,2017-05-08,2,GROCERY I,1069.5740605355593,0
1481,2017-05-08,3,GROCERY I,1184.5108468824706,0
1482,2017-05-09,1,GROCERY I,680.8373502168416,1
1483,2017-05-09,2,GROCERY I,1113.7301582465766,1
1484,2017-05-09,3,GROCERY I,1039.942030538791,0
1485,2017-05-10,1,GROCERY I,1001.2127956390661,1
1486,2017-05-10,2,GROCERY I,976.5277527148821,1
1487,2017-05-10,3,GROCERY I,1118.1730238709972,0
1488,2017-05-11,1,GROCERY I,933.7973939389782,1
1489,2017-05-11,2,GROCERY I,1093.5416087256137,0
1490,2017-05-11,3,GROCERY I,1160.3889513979234,0
1491,2017-05-12,1,GROCERY I,873.7504663040046,1
1492,2017-05-12,2,GROCERY I,829.746436641135,0
1493,2017-05-12,3,GROCERY I,1142.4978582874064,0
1494,2017-05-13,1,GROCERY I,914.7493365740531,1
1495,2017-05-13,2,GROCERY I,898.472830811215,0
1496,2017-05-13,3,GROCERY I,1124.3548418251053,0
1497,2017-05-14,1,GROCERY I,902.2661396066353,0
1498,2017-05-14,2,GROCERY I,1112.7924973820022,1
1499,2017-05-14,3,GROCERY I,1262.5120131822803,0
1500,2017-05-15,1,GROCERY I,982.2442852319347,0
1501,2017-05-15,2,GROCERY I,997.5404934191577,1
1502,2017-05-15,3,GROCERY I,1109.5299143493023,0
1503,2017-05-16,1,GROCERY I,837.2593192867856,0
1504,2017-05-16,2,GROCERY I,951.1920907154309,0
1505,2017-05-16,3,GROCERY I,1092.8215384070704,0
1506,2017-05-17,1,GROCERY I,884.3502135353849,1
1507,2017-05-17,2,GROCERY I,894.2908742683785,0
1508,2017-05-17,3,GROCERY I,1213.783341183049,0
1509,2017-05-18,1,GROCERY I,1026.8803064767894,0
1510,2017-05-18,2,GROCERY I,1110.69762889544,0
1511,2017-05-18,3,GROCERY I,1230.1921071571749,1
1512,2017-05-19,1,GROCERY I,1091.2178168521443,0
1513,2017-05-19,2,GROCERY I,938.6830532641865,0
1514,2017-05-19,3,GROCERY I,1286.4819737246457,0
1515,2017-05-20,1,GROCERY I,873.2703413295753,1
1516,2017-05-20,2,GROCERY I,1055.0153748094226,1
1517,2017-05-20,3,GROCERY I,976.1733733808071,1
1518,2017-05-21,1,GROCERY I,862.998289284574,0
1519,2017-05-21,2,GROCERY I,1084.8261763823755,0
1520,2017-05-21,3,GROCERY I,1159.170496398925,0
1521,2017-05-22,1,GROCERY I,871.7405046537914,1
1522,2017-05-22,2,GROCERY I,1009.4931335779197,0
1523,2017-05-22,3,GROCERY I,1054.662957975188,0
1524,2017-05-23,1,GROCERY I,984.5751416193093,1
1525,2017-05-23,2,GROCERY I,836.4217389596143,1
1526,2017-05-23,3,GROCERY I,1220.0988691061768,0
1527,2017-05-24,1,GROCERY I,839.0243255170201,0
1528,2017-05-24,2,GROCERY I,1001.0589338241336,1
1529,2017-05-24,3,GROCERY I,991.3389284112968,1
1530,2017-05-25,1,GROCERY I,921.8364603890711,0
1531,2017-05-25,2,GROCERY I,1045.7487346109367,0
1532,2017-05-25,3,GROCERY I,1128.5702941017057,0
1533,2017-05-26,1,GROCERY I,938.9454837719427,0
1534,2017-05-26,2,GROCERY I,992.3293117947223,1
1535,2017-05-26,3,GROCERY I,1094.2401126048169,0
1536,2017-05-27,1,GROCERY I,890.47771947199,0
1537,2017-05-27,2,GROCERY I,960.6202328987691,0
1538,2017-05-27,3,GROCERY I,1070.1188802255322,0
1539,2017-05-28,1,GROCERY I,941.8275008599225,0
1540,2017-05-28,2,GROCERY I,1113.8847577812026,0
1541,2017-05-28,3,GROCERY I,1025.2608748681632,0
1542,2017-05-29,1,GROCERY I,893.938281883214,0
1543,2017-05-29,2,GROCERY I,908.9338618431245,0
1544,2017-05-29,3,GROCERY I,1062.038965310477,0
1545,2017-05-30,1,GROCERY I,874.7368411075995,1
1546,2017-05-30,2,GROCERY I,1015.9390432999392,1
1547,2017-05-30,3,GROCERY I,1113.640654881572,1
1548,2017-05-31,1,GROCERY I,900.3306306123893,0
1549,2017-05-31,2,GROCERY I,1034.820316573685,1
1550,2017-05-31,3,GROCERY I,1032.3743628017944,1
1551,2017-06-01,1,GROCERY I,916.6200478091299,1
1552,2017-06-01,2,GROCERY I,1061.655902567581,1
1553,2017-06-01,3,GROCERY I,1031.4258876978056,0
1554,2017-06-02,1,GROCERY I,761.9716590393837,0
1555,2017-06-02,2,GROCERY I,1083.84236620938,0
1556,2017-06-02,3,GROCERY I,1011.2957620049568,0
1557,2017-06-03,1,GROCERY I,858.2070054855182,1
1558,2017-06-03,2,GROCERY I,1059.1460820539924,1
1559,2017-06-03,3,GROCERY I,1027.5707829854534,0
1560,2017-06-04,1,GROCERY I,977.5527832598564,0
1561,2017-06-04,2,GROCERY I,946.7950623710701,0
1562,2017-06-04,3,GROCERY I,1037.2686165223672,0
1563,2017-06-05,1,GROCERY I,809.2983179664218,1
1564,2017-06-05,2,GROCERY I,947.4811114545021,1
1565,2017-06-05,3,GROCERY I,1147.3056583081986,0
1566,2017-06-06,1,GROCERY I,858.2209216365994,1
1567,2017-06-06,2,GROCERY I,1084.211553409245,0
1568,2017-06-06,3,GROCERY I,1103.5726624770773,1
1569,2017-06-07,1,GROCERY I,910.5438741608656,0
1570,2017-06-07,2,GROCERY I,934.9620780287855,0
1571,2017-06-07,3,GROCERY I,1197.2385933198154,1
1572,2017-06-08,1,GROCERY I,962.362353661716,0
1573,2017-06-08,2,GROCERY I,1059.9051108785982,0
1574,2017-06-08,3,GROCERY I,1087.741523179343,0
1575,2017-06-09,1,GROCERY I,800.1005911433831,0
1576,2017-06-09,2,GROCERY I,1014.8410645267795,0
1577,2017-06-09,3,GROCERY I,1143.6889464713959,0
1578,2017-06-10,1,GROCERY I,944.5293332542044,1
1579,2017-06-10,2,GROCERY I,1033.031311617792,1
1580,2017-06-10,3,GROCERY I,1129.5764740511304,1
1581,2017-06-11,1,GROCERY I,846.4254857542237,0
1582,2017-06-11,2,GROCERY I,950.1117992296512,0
1583,2017-06-11,3,GROCERY I,1010.0056515918276,0
1584,2017-06-12,1,GROCERY I,985.2548139776038,1
1585,2017-06-12,2,GROCERY I,1157.7756761555052,0
1586,2017-06-12,3,GROCERY I,1342.5409932088508,0
1587,2017-06-13,1,GROCERY I,920.4154681404813,0
1588,2017-06-13,2,GROCERY I,1029.7860448048243,1
1589,2017-06-13,3,GROCERY I,1090.8866885557534,0
1590,2017-06-14,1,GROCERY I,919.1319427706769,1
1591,2017-06-14,2,GROCERY I,927.2801844389026,0
1592,2017-06-14,3,GROCERY I,1089.2778223352507,0
1593,2017-06-15,1,GROCERY I,837.8820473481309,0
1594,2017-06-15,2,GROCERY I,978.9218199856772,0
1595,2017-06-15,3,GROCERY I,1044.142283221394,0
1596,2017-06-16,1,GROCERY I,943.7333626093188,0
1597,2017-06-16,2,GROCERY I,1054.1291641421221,0
1598,2017-06-16,3,GROCERY I,1127.2352354801237,0
1599,2017-06-17,1,GROCERY I,850.428561358879,0
1600,2017-06-17,2,GROCERY I,904.9288916321384,0
1601,2017-06-17,3,GROCERY I,1155.088936078311,1
1602,2017-06-18,1,GROCERY I,903.1450452819437,0
1603,2017-06-18,2,GROCERY I,859.0968476285964,0
1604,2017-06-18,3,GROCERY I,1114.1695864004025,0
1605,2017-06-19,1,GROCERY I,930.4018639238891,1
1606,2017-06-19,2,GROCERY I,880.1568179687163,0
1607,2017-06-19,3,GROCERY I,1145.193382501833,0
1608,2017-06-20,1,GROCERY I,790.564617809451,0
1609,2017-06-20,2,GROCERY I,942.1411451247328,0
1610,2017-06-20,3,GROCERY I,991.0359335317878,0
1611,2017-06-21,1,GROCERY I,834.2531762873957,1
1612,2017-06-21,2,GROCERY I,905.5524528197208,0
1613,2017-06-21,3,GROCERY I,1184.6842252913452,0
1614,2017-06-22,1,GROCERY I,883.4843393271568,1
1615,2017-06-22,2,GROCERY I,966.5385287708953,1
1616,2017-06-22,3,GROCERY I,1193.079665144518,0
1617,2017-06-23,1,GROCERY I,988.3596020164455,0
1618,2017-06-23,2,GROCERY I,972.5724277672131,0
1619,2017-06-23,3,GROCERY I,1125.635961107683,0
1620,2017-06-24,1,GROCERY I,856.1323569707985,0
1621,2017-06-24,2,GROCERY I,995.078745631629,0
1622,2017-06-24,3,GROCERY I,1017.9856644444659,0
1623,2017-06-25,1,GROCERY I,937.3063017736333,1
1624,2017-06-25,2,GROCERY I,1096.66102603844,0
1625,2017-06-25,3,GROCERY I,1180.1467175639527,1
1626,2017-06-26,1,GROCERY I,906.8297105282071,0
1627,2017-06-26,2,GROCERY I,852.470363906598,0
1628,2017-06-26,3,GROCERY I,1052.6416953816015,0
1629,2017-06-27,1,GROCERY I,894.980265282506,1
1630,2017-06-27,2,GROCERY I,896.1593260686832,0
1631,2017-06-27,3,GROCERY I,983.7793962590282,0
1632,2017-06-28,1,GROCERY I,1020.7896546496252,0
1633,2017-06-28,2,GROCERY I,1069.5808949731966,1
1634,2017-06-28,3,GROCERY I,1143.6635007879963,0
1635,2017-06-29,1,GROCERY I,959.3025413588017,0
1636,2017-06-29,2,GROCERY I,907.8725173273635,0
1637,2017-06-29,3,GROCERY I,1031.7845508292144,0
1638,2017-06-30,1,GROCERY I,920.6596949597781,0
1639,2017-06-30,2,GROCERY I,1026.9565340848153,1
1640,2017-06-30,3,GROCERY I,992.0106070163426,1
1641,2017-07-01,1,GROCERY I,914.8667662015132,1
1642,2017-07-01,2,GROCERY I,996.4213652649705,0
1643,2017-07-01,3,GROCERY I,1177.2903744803284,0
1644,2017-07-02,1,GROCERY I,927.3602765936816,0
1645,2017-07-02,2,GROCERY I,1131.5441368186953,0
1646,2017-07-02,3,GROCERY I,1073.005619671506,1
1647,2017-07-03,1,GROCERY I,812.6254138330434,0
1648,2017-07-03,2,GROCERY I,1128.9528381973992,1
1649,2017-07-03,3,GROCERY I,1131.611425522538,0
1650,2017-07-04,1,GROCERY I,1296.8856639612127,0
1651,2017-07-04,2,GROCERY I,934.5201918071692,0
1652,2017-07-04,3,GROCERY I,1073.9005054700938,0
1653,2017-07-05,1,GROCERY I,869.8245700168743,0
1654,2017-07-05,2,GROCERY I,909.4410847938432,0
1655,2017-07-05,3,GROCERY I,931.2039482496023,0
1656,2017-07-06,1,GROCERY I,868.022395496819,0
1657,2017-07-06,2,GROCERY I,1061.4883012397095,0
1658,2017-07-06,3,GROCERY I,1204.361095769244,0
1659,2017-07-07,1,GROCERY I,980.7279842987205,0
1660,2017-07-07,2,GROCERY I,1085.8606265431326,0
1661,2017-07-07,3,GROCERY I,1017.7196607246984,0
1662,2017-07-08,1,GROCERY I,922.1875343776172,0
1663,2017-07-08,2,GROCERY I,1044.316280479626,0
1664,2017-07-08,3,GROCERY I,1149.6297915145087,0
1665,2017-07-09,1,GROCERY I,895.1261556233652,0
1666,2017-07-09,2,GROCERY I,1012.1232636612212,1
1667,2017-07-09,3,GROCERY I,1264.9439322185287,1
1668,2017-07-10,1,GROCERY I,978.0791959852673,1
1669,2017-07-10,2,GROCERY I,1041.2766781414275,0
1670,2017-07-10,3,GROCERY I,1156.3212059457323,0
1671,2017-07-11,1,GROCERY I,864.4878690864995,1
1672,2017-07-11,2,GROCERY I,1051.8091181775649,0
1673,2017-07-11,3,GROCERY I,1111.0578740379442,0
1674,2017-07-12,1,GROCERY I,969.052059096331,0
1675,2017-07-12,2,GROCERY I,946.4003922497423,1
1676,2017-07-12,3,GROCERY I,1161.9112944727892,0
1677,2017-07-13,1,GROCERY I,874.9476848873376,0
1678,2017-07-13,2,GROCERY I,1062.3063773696824,1
1679,2017-07-13,3,GROCERY I,1122.7124800940378,1
1680,2017-07-14,1,GROCERY I,905.1309441902523,1
1681,2017-07-14,2,GROCERY I,979.0988487166996,0
1682,2017-07-14,3,GROCERY I,1097.2256599985128,0
1683,2017-07-15,1,GROCERY I,868.2013332056455,0
1684,2017-07-15,2,GROCERY I,977.4904006475439,0
1685,2017-07-15,3,GROCERY I,1139.039309664367,0
1686,2017-07-16,1,GROCERY I,769.7566228839031,1
1687,2017-07-16,2,GROCERY I,1061.1291524401431,1
1688,2017-07-16,3,GROCERY I,1162.5702591275792,0
1689,2017-07-17,1,GROCERY I,881.4106208498583,0
1690,2017-07-17,2,GROCERY I,1014.2072893538874,0
1691,2017-07-17,3,GROCERY I,1026.636084283139,1
1692,2017-07-18,1,GROCERY I,933.6258263820903,1
1693,2017-07-18,2,GROCERY I,935.5425466709767,0
1694,2017-07-18,3,GROCERY I,883.6945855941328,0
1695,2017-07-19,1,GROCERY I,1000.7879905083154,0
1696,2017-07-19,2,GROCERY I,918.4332393466045,0
1697,2017-07-19,3,GROCERY I,1095.5243654363785,0
1698,2017-07-20,1,GROCERY I,917.2406375441406,0
1699,2017-07-20,2,GROCERY I,1038.8551167352412,0
1700,2017-07-20,3,GROCERY I,1102.4005230824753,0
1701,2017-07-21,1,GROCERY I,924.2481507960264,1
1702,2017-07-21,2,GROCERY I,979.5868659982837,1
1703,2017-07-21,3,GROCERY I,981.8233629231174,0
1704,2017-07-22,1,GROCERY I,899.337609285633,0
1705,2017-07-22,2,GROCERY I,1050.0169544463572,1
1706,2017-07-22,3,GROCERY I,1022.7989820176392,1
1707,2017-07-23,1,GROCERY I,918.0687869053241,1
1708,2017-07-23,2,GROCERY I,1150.2703305594503,1
1709,2017-07-23,3,GROCERY I,1094.121707072768,0
1710,2017-07-24,1,GROCERY I,898.1261632639348,1
1711,2017-07-24,2,GROCERY I,876.0594258924605,0
1712,2017-07-24,3,GROCERY I,1014.1038069825759,1
1713,2017-07-25,1,GROCERY I,836.3456926663531,0
1714,2017-07-25,2,GROCERY I,1046.702923623436,0
1715,2017-07-25,3,GROCERY I,1027.68965683353,0
1716,2017-07-26,1,GROCERY I,751.3405870309972,1
1717,2017-07-26,2,GROCERY I,1031.9185520561878,0
1718,2017-07-26,3,GROCERY I,1042.9562334646948,1
1719,2017-07-27,1,GROCERY I,778.7446462789222,0
1720,2017-07-27,2,GROCERY I,1056.77294925103,1
1721,2017-07-27,3,GROCERY I,1070.6650877635657,1
1722,2017-07-28,1,GROCERY I,939.4745590546956,0
1723,2017-07-28,2,GROCERY I,876.3447783535819,0
1724,2017-07-28,3,GROCERY I,924.3853002782233,0
1725,2017-07-29,1,GROCERY I,910.3527629516695,1
1726,2017-07-29,2,GROCERY I,911.5331854278305,1
1727,2017-07-29,3,GROCERY I,1109.2105094006247,1
1728,2017-07-30,1,GROCERY I,910.9281826410161,0
1729,2017-07-30,2,GROCERY I,1000.639522363905,0
1730,2017-07-30,3,GROCERY I,1185.1449748997745,0
1731,2017-07-31,1,GROCERY I,1125.1557962612928,1
1732,2017-07-31,2,GROCERY I,1030.466340227014,0
1733,2017-07-31,3,GROCERY I,1250.1709180265314,1
1734,2017-08-01,1,GROCERY I,771.595521679686,1
1735,2017-08-01,2,GROCERY I,972.7282736443987,1
1736,2017-08-01,3,GROCERY I,997.6596822259787,0
1737,2017-08-02,1,GROCERY I,847.8900567945958,1
1738,2017-08-02,2,GROCERY I,977.2720795711374,1
1739,2017-08-02,3,GROCERY I,1258.580824011647,0
1740,2017-08-03,1,GROCERY I,905.1182169095084,0
1741,2017-08-03,2,GROCERY I,1088.4805033202229,0
1742,2017-08-03,3,GROCERY I,1066.293018028344,0
1743,2017-08-04,1,GROCERY I,856.936072374668,0
1744,2017-08-04,2,GROCERY I,873.4951374791206,0
1745,2017-08-04,3,GROCERY I,1255.2693551345494,1
1746,2017-08-05,1,GROCERY I,1016.9439334037844,0
1747,2017-08-05,2,GROCERY I,1018.9059425622561,0
1748,2017-08-05,3,GROCERY I,1081.7787563534926,0
1749,2017-08-06,1,GROCERY I,908.1456490482639,0
1750,2017-08-06,2,GROCERY I,894.7976715569797,0
1751,2017-08-06,3,GROCERY I,1139.3162071951672,1
1752,2017-08-07,1,GROCERY I,1008.996659520017,1
1753,2017-08-07,2,GROCERY I,1113.6860750455828,0
1754,2017-08-07,3,GROCERY I,976.3760043576993,0
1755,2017-08-08,1,GROCERY I,987.6417929196648,1
1756,2017-08-08,2,GROCERY I,895.2723958089612,1
1757,2017-08-08,3,GROCERY I,928.999952313553,0
1758,2017-08-09,1,GROCERY I,991.0365415520039,0
1759,2017-08-09,2,GROCERY I,960.0849960030444,0
1760,2017-08-09,3,GROCERY I,1177.9801452069264,1
1761,2017-08-10,1,GROCERY I,969.947394275711,0
1762,2017-08-10,2,GROCERY I,1058.6326845950027,0
1763,2017-08-10,3,GROCERY I,1107.160719981105,0
1764,2017-08-11,1,GROCERY I,803.010536555222,0
1765,2017-08-11,2,GROCERY I,977.4388414451832,0
1766,2017-08-11,3,GROCERY I,1215.265007840341,0
1767,2017-08-12,1,GROCERY I,980.2781032702131,0
1768,2017-08-12,2,GROCERY I,981.4842561848967,1
1769,2017-08-12,3,GROCERY I,1080.5177566620112,1
1770,2017-08-13,1,GROCERY I,950.8674670612746,1
1771,2017-08-13,2,GROCERY I,1012.9219721723077,0
1772,2017-08-13,3,GROCERY I,1085.501517236264,0
1773,2017-08-14,1,GROCERY I,943.6703070191317,0
1774,2017-08-14,2,GROCERY I,1040.8566359370811,0
1775,2017-08-14,3,GROCERY I,1049.9500714878884,1
1776,2017-08-15,1,GROCERY I,928.5405032246687,0
1777,2017-08-15,2,GROCERY I,1035.716881699615,0
1778,2017-08-15,3,GROCERY I,1101.0062801881465,0
